Calle de la Paz, 42, Colonia Roma Norte, 06700, Alcaldia Cuauhtemoc, Mexico
Avenida Insurgentes Sur, 1500, Colonia del Valle, 03100, Alcaldia Benito Juarez, Mexico
Calle Tacubaya, 5, Colonia Tacubaya, 11870, Alcaldia Miguel Hidalgo, Mexico
Callejon del Angel, 34, Colonia Coyoacan, 04000, Alcaldia Coyoacan, Mexico
Calle Frontera, 88, Colonia Condesa, 06140, Alcaldia Cuauhtemoc, Mexico
Avenida Juarez, 780, Colonia Centro, 06000, Alcaldia Cuauhtemoc, Mexico
Calle Hidalgo, 221, Colonia Santa Maria la Ribera, 06400, Alcaldia Cuauhtemoc, Mexico
Callejon del Sol, 56, Colonia Lomas de Chapultepec, 11000, Alcaldia Miguel Hidalgo, Mexico
Avenida Reforma, 1234, Colonia Polanco, 11560, Alcaldia Miguel Hidalgo, Mexico
Calle 16 de Septiembre, 22, Colonia Guerrero, 06300, Alcaldia Cuauhtemoc, Mexico
Calle de los Robles, 112, Colonia San Angel, 01000, Alcaldia Alvaro Obregon, Mexico
Avenida Montevideo, 348, Colonia Narvarte, 03020, Alcaldia Benito Juarez, Mexico
Calle Pino Suarez, 22, Colonia Villa de Cortes, 04700, Alcaldia Coyoacan, Mexico
Calle de la Reforma, 356, Colonia Juarez, 06600, Alcaldia Cuauhtemoc, Mexico
Avenida 5 de Febrero, 24, Colonia Anzures, 11590, Alcaldia Miguel Hidalgo, Mexico
Callejon del Agua, 76, Colonia Doctores, 06700, Alcaldia Cuauhtemoc, Mexico
Calle del Sol, 44, Colonia Lomas de Chapultepec, 11000, Alcaldia Miguel Hidalgo, Mexico
Avenida Tlalpan, 883, Colonia Del Valle, 03100, Alcaldia Benito Juarez, Mexico
Calle de la Luna, 9, Colonia Polanco, 11560, Alcaldia Miguel Hidalgo, Mexico
Calle Nueva, 54, Colonia Roma Sur, 06760, Alcaldia Cuauhtemoc, Mexico
Avenida Insurgentes Norte, 1050, Colonia Lindavista, 07700, Alcaldia Gustavo A. Madero, Mexico
Calle Mexico, 14, Colonia Tacubaya, 11870, Alcaldia Miguel Hidalgo, Mexico
Calle Oaxaca, 58, Colonia Condesa, 06140, Alcaldia Cuauhtemoc, Mexico
Avenida de los Insurgentes, 2025, Colonia Napoles, 03810, Alcaldia Benito Juarez, Mexico
Calle de la Cima, 17, Colonia Valle Dorado, 54100, Alcaldia Tlalnepantla, Mexico
Calle del Carmen, 33, Colonia Coyoacan, 04000, Alcaldia Coyoacan, Mexico
Calle de la Providencia, 91, Colonia Portero, 06950, Alcaldia Venustiano Carranza, Mexico
Avenida 16 de Septiembre, 288, Colonia Santa Maria la Ribera, 06400, Alcaldia Cuauhtemoc, Mexico
Calle Emiliano Zapata, 101, Colonia Guerrero, 06300, Alcaldia Cuauhtemoc, Mexico
Calle de los Alamos, 212, Colonia Heroes de Padierna, 14200, Alcaldia Tlalpan, Mexico
Calle 20 de Noviembre, 77, Colonia San Rafael, 06470, Alcaldia Cuauhtemoc, Mexico
Avenida Juarez, 642, Colonia Centro, 06000, Alcaldia Cuauhtemoc, Mexico
Calle 5 de Febrero, 101, Colonia Doctores, 06700, Alcaldia Cuauhtemoc, Mexico
Calle del Trabajo, 83, Colonia Lomas de Santa Fe, 01210, Alcaldia Alvaro Obregon, Mexico
Avenida de los Insurgentes Sur, 1823, Colonia Tlalpan, 14000, Alcaldia Tlalpan, Mexico
Calle Mariscal, 34, Colonia Narvarte Poniente, 03020, Alcaldia Benito Juarez, Mexico
Avenida Xola, 406, Colonia Villa de Cortes, 04710, Alcaldia Coyoacan, Mexico
Calle Veracruz, 120, Colonia Centro Historico, 06000, Alcaldia Cuauhtemoc, Mexico
Calle Berruguete, 245, Colonia San Pedro de los Pinos, 01180, Alcaldia Alvaro Obregon, Mexico
Avenida Paseo de la Reforma, 400, Colonia Polanco, 11560, Alcaldia Miguel Hidalgo, Mexico
Calle Aldama, 15, Colonia Santa Maria la Ribera, 06400, Alcaldia Cuauhtemoc, Mexico
Calle del Medio, 190, Colonia Lindavista, 07700, Alcaldia Gustavo A. Madero, Mexico
Avenida 16 de Septiembre, 550, Colonia Guerrero, 06300, Alcaldia Cuauhtemoc, Mexico
Calle Claveria, 92, Colonia Popotla, 02650, Alcaldia Miguel Hidalgo, Mexico
Calle Uruapan, 63, Colonia Napoles, 03810, Alcaldia Benito Juarez, Mexico
Avenida Lazaro Cardenas, 1234, Colonia Juarez, 06600, Alcaldia Cuauhtemoc, Mexico
Calle de las Flores, 270, Colonia La Roma, 06700, Alcaldia Cuauhtemoc, Mexico
Avenida San Antonio, 100, Colonia San Antonio, 01900, Alcaldia Alvaro Obregon, Mexico
Calle San Juan, 45, Colonia Chimalistac, 01070, Alcaldia Alvaro Obregon, Mexico
Avenida Tlalpan, 759, Colonia Coyoacan, 04300, Alcaldia Coyoacan, Mexico
Calle Abasolo, 121, Colonia Centro, 06000, Alcaldia Cuauhtemoc, Mexico
Avenida Insurgentes Norte, 1055, Colonia Lindavista, 07700, Alcaldia Gustavo A. Madero, Mexico
Calle Lirio, 78, Colonia Anzures, 11590, Alcaldia Miguel Hidalgo, Mexico
Calle Eje Central Lazaro Cardenas, 522, Colonia Doctores, 06700, Alcaldia Cuauhtemoc, Mexico
Avenida Oaxaca, 654, Colonia Condesa, 06140, Alcaldia Cuauhtemoc, Mexico
Calle de la Perla, 92, Colonia Pedregal de Santo Domingo, 04600, Alcaldia Coyoacan, Mexico
Avenida Reforma, 2195, Colonia Polanco, 11560, Alcaldia Miguel Hidalgo, Mexico
Calle del Aguila, 110, Colonia Lomas de Chapultepec, 11000, Alcaldia Miguel Hidalgo, Mexico
Calle Ricardo Flores Magon, 45, Colonia Guerrero, 06300, Alcaldia Cuauhtemoc, Mexico
Avenida Universidad, 154, Colonia Copilco, 04510, Alcaldia Coyoacan, Mexico
Calle de los Arboles, 234, Colonia Jardin Balbuena, 15800, Alcaldia Venustiano Carranza, Mexico
Avenida Vallejo, 520, Colonia Industrial Vallejo, 02300, Alcaldia Gustavo A. Madero, Mexico
Calle Riva Palacio, 101, Colonia San Pedro de los Pinos, 01180, Alcaldia Alvaro Obregon, Mexico
Calle Hidalgo, 212, Colonia Polanco, 11560, Alcaldia Miguel Hidalgo, Mexico
Calle de la Rosa, 130, Colonia La Viga, 09020, Alcaldia Iztacalco, Mexico
Avenida de los Maestros, 506, Colonia Olivar de los Padres, 01780, Alcaldia Alvaro Obregon, Mexico
Calle Benito Juarez, 672, Colonia Santa Maria la Ribera, 06400, Alcaldia Cuauhtemoc, Mexico
Avenida Sur 150, 400, Colonia Las Aguilas, 01710, Alcaldia Alvaro Obregon, Mexico
Calle del Lago, 89, Colonia Cuitlahuac, 02300, Alcaldia Miguel Hidalgo, Mexico
Avenida Revolucion, 153, Colonia Tacubaya, 11870, Alcaldia Miguel Hidalgo, Mexico
Calle Juarez, 458, Colonia Lomas de Chapultepec, 11000, Alcaldia Miguel Hidalgo, Mexico
Avenida de los Insurgentes Sur, 320, Colonia Del Valle, 03100, Alcaldia Benito Juarez, Mexico
Calle de la Princesa, 89, Colonia Roma Norte, 06700, Alcaldia Cuauhtemoc, Mexico
Calle Valle de Mexico, 122, Colonia Chimalistac, 01070, Alcaldia Alvaro Obregon, Mexico
Avenida San Jeronimo, 701, Colonia San Jeronimo, 10200, Alcaldia Magdalena Contreras, Mexico
Calle San Juan, 210, Colonia Tacubaya, 11870, Alcaldia Miguel Hidalgo, Mexico
Calle de las Nubes, 38, Colonia San Angel, 01000, Alcaldia Alvaro Obregon, Mexico
Avenida Tlalpan, 652, Colonia Villa Coyoacan, 04980, Alcaldia Coyoacan, Mexico
Calle Lopez Mateos, 81, Colonia Narvarte, 03020, Alcaldia Benito Juarez, Mexico
Calle Mirador, 17, Colonia Lomas de Chapultepec, 11000, Alcaldia Miguel Hidalgo, Mexico
Avenida de los Insurgentes Sur, 274, Colonia Napoles, 03810, Alcaldia Benito Juarez, Mexico
Calle de los Olivos, 147, Colonia Santa Maria la Ribera, 06400, Alcaldia Cuauhtemoc, Mexico
Avenida Revolucion, 1253, Colonia Tacubaya, 11870, Alcaldia Miguel Hidalgo, Mexico
Calle del Angel, 42, Colonia Polanco, 11560, Alcaldia Miguel Hidalgo, Mexico
Avenida Xola, 1075, Colonia Narvarte Poniente, 03020, Alcaldia Benito Juarez, Mexico
Calle de la Estrella, 65, Colonia Portero, 06950, Alcaldia Venustiano Carranza, Mexico
Avenida Juarez, 813, Colonia Centro, 06000, Alcaldia Cuauhtemoc, Mexico
Calle de la Paz, 99, Colonia San Angel, 01000, Alcaldia Alvaro Obregon, Mexico
Avenida del Consulado, 210, Colonia Moctezuma, 15500, Alcaldia Venustiano Carranza, Mexico
Calle de las Flores, 352, Colonia Roma Sur, 06760, Alcaldia Cuauhtemoc, Mexico
Calle de la Concordia, 111, Colonia San Rafael, 06470, Alcaldia Cuauhtemoc, Mexico
Avenida Paseo de la Reforma, 1300, Colonia Polanco, 11560, Alcaldia Miguel Hidalgo, Mexico
Calle Ignacio Zaragoza, 53, Colonia Obrera, 06800, Alcaldia Cuauhtemoc, Mexico
Calle 9 de Febrero, 150, Colonia Lomas de Tecamachalco, 53950, Alcaldia Huixquilucan, Mexico
Calle Copilco, 213, Colonia Copilco, 04510, Alcaldia Coyoacan, Mexico
Avenida 16 de Septiembre, 1005, Colonia Guerrero, 06300, Alcaldia Cuauhtemoc, Mexico
Calle de la Esperanza, 205, Colonia Del Valle, 03100, Alcaldia Benito Juarez, Mexico
Calle Hidalgo, 1324, Colonia Lomas de Chapultepec, 11000, Alcaldia Miguel Hidalgo, Mexico
Avenida Vallejo, 203, Colonia Industrial Vallejo, 02300, Alcaldia Gustavo A. Madero, Mexico
Calle Mexico-Tenochtitlan, 541, Colonia Ciudadela, 06040, Alcaldia Cuauhtemoc, Mexico
Avenida San Antonio, 321, Colonia San Antonio, 01900, Alcaldia Alvaro Obregon, Mexico
Calle Tacubaya, 60, Colonia Tacubaya, 11870, Alcaldia Miguel Hidalgo, Mexico
Avenida Mexico, 710, Colonia Condesa, 06140, Alcaldia Cuauhtemoc, Mexico
Calle de la Torre, 128, Colonia Coyoacan, 04000, Alcaldia Coyoacan, Mexico
Calle de la Luna, 33, Colonia Jardin Balbuena, 15800, Alcaldia Venustiano Carranza, Mexico
Avenida 5 de Febrero, 203, Colonia Anzures, 11590, Alcaldia Miguel Hidalgo, Mexico
Calle de los Pinos, 111, Colonia Santa Maria la Ribera, 06400, Alcaldia Cuauhtemoc, Mexico
Avenida Lazaro Cardenas, 884, Colonia Doctores, 06700, Alcaldia Cuauhtemoc, Mexico
Calle de las Palmas, 48, Colonia Polanco, 11560, Alcaldia Miguel Hidalgo, Mexico
Avenida Coyoacan, 110, Colonia Viveros, 04500, Alcaldia Coyoacan, Mexico
Calle de la Reforma, 1325, Colonia Polanco, 11560, Alcaldia Miguel Hidalgo, Mexico
Avenida 5 de Febrero, 450, Colonia Del Valle, 03100, Alcaldia Benito Juarez, Mexico
Calle de los Cedros, 55, Colonia Lomas de Chapultepec, 11000, Alcaldia Miguel Hidalgo, Mexico
Avenida Oaxaca, 786, Colonia Condesa, 06140, Alcaldia Cuauhtemoc, Mexico
Calle Delicias, 29, Colonia Centro, 06000, Alcaldia Cuauhtemoc, Mexico
Avenida San Jeronimo, 1025, Colonia San Jeronimo, 10200, Alcaldia Magdalena Contreras, Mexico
Calle del Lago, 71, Colonia Cuitlahuac, 02300, Alcaldia Miguel Hidalgo, Mexico
Calle Durango, 88, Colonia Roma Sur, 06760, Alcaldia Cuauhtemoc, Mexico
Avenida 16 de Septiembre, 412, Colonia Guerrero, 06300, Alcaldia Cuauhtemoc, Mexico
Calle Rio Tiber, 254, Colonia Cuauhtemoc, 06500, Alcaldia Cuauhtemoc, Mexico
Avenida Tlalpan, 380, Colonia Coyoacan, 04300, Alcaldia Coyoacan, Mexico
Calle Margarita Maza, 10, Colonia Santa Maria la Ribera, 06400, Alcaldia Cuauhtemoc, Mexico
Calle Bosques, 555, Colonia Bosques de las Lomas, 05120, Alcaldia Cuajimalpa, Mexico
Avenida Insurgentes Sur, 1850, Colonia Tlalpan, 14000, Alcaldia Tlalpan, Mexico
Calle Patria, 404, Colonia Coyoacan, 04000, Alcaldia Coyoacan, Mexico
Calle Pino Suarez, 265, Colonia Del Valle, 03100, Alcaldia Benito Juarez, Mexico
Avenida de los Maestros, 702, Colonia Olivar de los Padres, 01780, Alcaldia Alvaro Obregon, Mexico
Calle Colon, 92, Colonia Tacubaya, 11870, Alcaldia Miguel Hidalgo, Mexico
Avenida Paseo de la Reforma, 1880, Colonia Lomas de Chapultepec, 11000, Alcaldia Miguel Hidalgo, Mexico
Calle Dolores, 415, Colonia Guerrero, 06300, Alcaldia Cuauhtemoc, Mexico
Calle de la Paz, 301, Colonia San Angel, 01000, Alcaldia Alvaro Obregon, Mexico
Avenida de los Insurgentes Sur, 1856, Colonia Napoles, 03810, Alcaldia Benito Juarez, Mexico
Calle Morelia, 102, Colonia Lomas de Chapultepec, 11000, Alcaldia Miguel Hidalgo, Mexico
Calle Ignacio Allende, 256, Colonia Tacubaya, 11870, Alcaldia Miguel Hidalgo, Mexico
Avenida Oaxaca, 156, Colonia Condesa, 06140, Alcaldia Cuauhtemoc, Mexico
Calle del Sol, 333, Colonia Roma Norte, 06700, Alcaldia Cuauhtemoc, Mexico
Avenida Paseo de la Reforma, 1199, Colonia Polanco, 11560, Alcaldia Miguel Hidalgo, Mexico
Calle del Campo, 77, Colonia Guerrero, 06300, Alcaldia Cuauhtemoc, Mexico
Avenida Rio de la Loza, 320, Colonia Doctores, 06700, Alcaldia Cuauhtemoc, Mexico
Calle Calzada de Tlalpan, 789, Colonia Villa Coyoacan, 04980, Alcaldia Coyoacan, Mexico
Avenida Santa Fe, 920, Colonia Santa Fe, 01210, Alcaldia Alvaro Obregon, Mexico
Calle de las Orquideas, 66, Colonia Napoles, 03810, Alcaldia Benito Juarez, Mexico
Avenida Central, 710, Colonia San Pedro de los Pinos, 01180, Alcaldia Alvaro Obregon, Mexico
Calle Flores, 500, Colonia Vallejo, 02300, Alcaldia Gustavo A. Madero, Mexico
Avenida Insurgentes Norte, 930, Colonia Lindavista, 07700, Alcaldia Gustavo A. Madero, Mexico
Calle de la Veracruz, 88, Colonia Polanco, 11560, Alcaldia Miguel Hidalgo, Mexico
Calle Madero, 712, Colonia Centro, 06000, Alcaldia Cuauhtemoc, Mexico
Avenida del Consulado, 1003, Colonia Moctezuma, 15500, Alcaldia Venustiano Carranza, Mexico
Calle de la Cruz, 77, Colonia Guerrero, 06300, Alcaldia Cuauhtemoc, Mexico
Avenida Reforma, 1420, Colonia Lomas de Chapultepec, 11000, Alcaldia Miguel Hidalgo, Mexico
Calle Hidalgo, 403, Colonia Roma Sur, 06760, Alcaldia Cuauhtemoc, Mexico
Avenida 5 de Febrero, 750, Colonia Anzures, 11590, Alcaldia Miguel Hidalgo, Mexico
Calle Antonio Maceo, 35, Colonia San Pedro de los Pinos, 01180, Alcaldia Alvaro Obregon, Mexico
Avenida 16 de Septiembre, 631, Colonia Santa Maria la Ribera, 06400, Alcaldia Cuauhtemoc, Mexico
Calle de los Angeles, 102, Colonia Condesa, 06140, Alcaldia Cuauhtemoc, Mexico
Avenida de los Insurgentes Sur, 2425, Colonia Napoles, 03810, Alcaldia Benito Juarez, Mexico
Calle del Penon, 81, Colonia Lomas de Chapultepec, 11000, Alcaldia Miguel Hidalgo, Mexico
Calle 16 de Septiembre, 209, Colonia Guerrero, 06300, Alcaldia Cuauhtemoc, Mexico
Avenida Oaxaca, 575, Colonia Condesa, 06140, Alcaldia Cuauhtemoc, Mexico
Calle Real del Monte, 154, Colonia Del Valle, 03100, Alcaldia Benito Juarez, Mexico
Calle Mazatlan, 22, Colonia Roma Norte, 06700, Alcaldia Cuauhtemoc, Mexico
Avenida Insurgentes Norte, 500, Colonia Lindavista, 07700, Alcaldia Gustavo A. Madero, Mexico
Calle de la Paloma, 43, Colonia Villa Coyoacan, 04980, Alcaldia Coyoacan, Mexico
Avenida Juarez, 159, Colonia Centro, 06000, Alcaldia Cuauhtemoc, Mexico
Calle Luis Donaldo Colosio, 340, Colonia Vallejo, 02300, Alcaldia Gustavo A. Madero, Mexico
Calle de las Flores, 911, Colonia Santa Maria la Ribera, 06400, Alcaldia Cuauhtemoc, Mexico
Avenida Revolucion, 1635, Colonia Tacubaya, 11870, Alcaldia Miguel Hidalgo, Mexico
Calle de la Independencia, 23, Colonia Coyoacan, 04000, Alcaldia Coyoacan, Mexico
Avenida de los Maestros, 99, Colonia Olivar de los Padres, 01780, Alcaldia Alvaro Obregon, Mexico
Calle Revolucion, 53, Colonia Polanco, 11560, Alcaldia Miguel Hidalgo, Mexico
Calle del Carmen, 301, Colonia Coyoacan, 04000, Alcaldia Coyoacan, Mexico
Avenida 5 de Febrero, 891, Colonia Anzures, 11590, Alcaldia Miguel Hidalgo, Mexico
Calle de la Princesa, 110, Colonia Roma Sur, 06700, Alcaldia Cuauhtemoc, Mexico
Avenida Paseo de la Reforma, 1024, Colonia Polanco, 11560, Alcaldia Miguel Hidalgo, Mexico
Calle del Maestro, 78, Colonia Del Valle, 03100, Alcaldia Benito Juarez, Mexico
Avenida Universitaria, 505, Colonia Copilco, 04510, Alcaldia Coyoacan, Mexico
Calle San Diego, 63, Colonia Tacubaya, 11870, Alcaldia Miguel Hidalgo, Mexico
Calle de los Naranjos, 200, Colonia Lomas de Chapultepec, 11000, Alcaldia Miguel Hidalgo, Mexico
Avenida Tlalpan, 1500, Colonia Del Valle, 03100, Alcaldia Benito Juarez, Mexico
Calle Morelos, 299, Colonia Condesa, 06140, Alcaldia Cuauhtemoc, Mexico
Calle Hidalgo, 189, Colonia Santa Maria la Ribera, 06400, Alcaldia Cuauhtemoc, Mexico
Avenida Juarez, 876, Colonia Centro, 06000, Alcaldia Cuauhtemoc, Mexico
Calle Del Sol, 124, Colonia San Angel, 01000, Alcaldia Alvaro Obregon, Mexico
Avenida 16 de Septiembre, 980, Colonia Guerrero, 06300, Alcaldia Cuauhtemoc, Mexico
Calle del Encino, 67, Colonia Villa de Cortes, 04700, Alcaldia Coyoacan, Mexico
Calle de las Palmas, 420, Colonia Polanco, 11560, Alcaldia Miguel Hidalgo, Mexico
Avenida de los Insurgentes Sur, 2320, Colonia Napoles, 03810, Alcaldia Benito Juarez, Mexico
Calle Oaxaca, 1005, Colonia Condesa, 06140, Alcaldia Cuauhtemoc, Mexico
Avenida Tlalpan, 756, Colonia Coyoacan, 04300, Alcaldia Coyoacan, Mexico
Calle Dolores, 380, Colonia San Pedro de los Pinos, 01180, Alcaldia Alvaro Obregon, Mexico
Avenida Revolucion, 1460, Colonia Lomas de Chapultepec, 11000, Alcaldia Miguel Hidalgo, Mexico
Calle Patria, 578, Colonia Del Valle, 03100, Alcaldia Benito Juarez, Mexico
Avenida Universidad, 650, Colonia Ciudad Universitaria, 04510, Alcaldia Coyoacan, Mexico
Calle de la Luz, 200, Colonia Roma Norte, 06700, Alcaldia Cuauhtemoc, Mexico
Avenida Paseo de la Reforma, 2043, Colonia Polanco, 11560, Alcaldia Miguel Hidalgo, Mexico
Calle de las Dalias, 88, Colonia Jardin Balbuena, 15800, Alcaldia Venustiano Carranza, Mexico
Calle de los Olivos, 56, Colonia Santa Maria la Ribera, 06400, Alcaldia Cuauhtemoc, Mexico
Avenida de los Insurgentes Sur, 1012, Colonia Del Valle, 03100, Alcaldia Benito Juarez, Mexico
Calle Venustiano Carranza, 274, Colonia Centro, 06000, Alcaldia Cuauhtemoc, Mexico
Avenida Tacubaya, 64, Colonia Tacubaya, 11870, Alcaldia Miguel Hidalgo, Mexico
Calle de la Paz, 352, Colonia San Angel, 01000, Alcaldia Alvaro Obregon, Mexico
Avenida Juarez, 920, Colonia Centro, 06000, Alcaldia Cuauhtemoc, Mexico
Calle Lomas Verdes, 179, Colonia Lomas de Tecamachalco, 53950, Alcaldia Huixquilucan, Mexico
Calle Del Mar, 245, Colonia Lomas de Chapultepec, 11000, Alcaldia Miguel Hidalgo, Mexico
Avenida Paseo de la Reforma, 340, Colonia Polanco, 11560, Alcaldia Miguel Hidalgo, Mexico
Calle Oaxaca, 880, Colonia Condesa, 06140, Alcaldia Cuauhtemoc, Mexico
Calle de la Luz, 57, Colonia Napoles, 03810, Alcaldia Benito Juarez, Mexico
Avenida San Antonio, 51, Colonia San Antonio, 01900, Alcaldia Alvaro Obregon, Mexico
Calle Morelos, 34, Colonia Tacubaya, 11870, Alcaldia Miguel Hidalgo, Mexico
Avenida del Consulado, 1245, Colonia Moctezuma, 15500, Alcaldia Venustiano Carranza, Mexico
Calle del Valle, 503, Colonia Del Valle, 03100, Alcaldia Benito Juarez, Mexico
Avenida 16 de Septiembre, 201, Colonia Guerrero, 06300, Alcaldia Cuauhtemoc, Mexico
Calle Coyoacan, 102, Colonia Coyoacan, 04000, Alcaldia Coyoacan, Mexico
Avenida Paseo de la Reforma, 1150, Colonia Polanco, 11560, Alcaldia Miguel Hidalgo, Mexico
Calle Toltecas, 333, Colonia Roma Norte, 06700, Alcaldia Cuauhtemoc, Mexico
Calle de los Naranjos, 72, Colonia Lomas de Chapultepec, 11000, Alcaldia Miguel Hidalgo, Mexico
Avenida Insurgentes Sur, 1401, Colonia Del Valle, 03100, Alcaldia Benito Juarez, Mexico
Calle Mayor, 250, Colonia Centro, 06000, Alcaldia Cuauhtemoc, Mexico
Calle de la Viga, 123, Colonia La Viga, 09020, Alcaldia Iztacalco, Mexico
Avenida 5 de Febrero, 923, Colonia Polanco, 11560, Alcaldia Miguel Hidalgo, Mexico
Calle Manuel J. Clouthier, 589, Colonia San Pedro de los Pinos, 01180, Alcaldia Alvaro Obregon, Mexico
Avenida de la Paz, 502, Colonia San Angel, 01000, Alcaldia Alvaro Obregon, Mexico
Calle Baja California, 75, Colonia Roma Sur, 06760, Alcaldia Cuauhtemoc, Mexico
Avenida Tlalpan, 1073, Colonia Villa Coyoacan, 04980, Alcaldia Coyoacan, Mexico
Calle Maria Feodorovna, 132, Colonia Doctores, 06700, Alcaldia Cuauhtemoc, Mexico
Avenida 16 de Septiembre, 944, Colonia Tacubaya, 11870, Alcaldia Miguel Hidalgo, Mexico
Calle 5 de Febrero, 404, Colonia Lomas de Chapultepec, 11000, Alcaldia Miguel Hidalgo, Mexico
Calle de los Arboles, 220, Colonia Santa Maria la Ribera, 06400, Alcaldia Cuauhtemoc, Mexico
Avenida Juarez, 678, Colonia Centro, 06000, Alcaldia Cuauhtemoc, Mexico
Calle Flor de Mayo, 181, Colonia Cuitlahuac, 02300, Alcaldia Miguel Hidalgo, Mexico
Calle Americas, 234, Colonia Del Valle, 03100, Alcaldia Benito Juarez, Mexico
Avenida Universitaria, 992, Colonia Ciudad Universitaria, 04510, Alcaldia Coyoacan, Mexico
Calle Cero, 458, Colonia Roma Norte, 06700, Alcaldia Cuauhtemoc, Mexico
Avenida 16 de Septiembre, 312, Colonia Guerrero, 06300, Alcaldia Cuauhtemoc, Mexico
Calle de los Sauces, 198, Colonia Polanco, 11560, Alcaldia Miguel Hidalgo, Mexico
Avenida 5 de Febrero, 734, Colonia Anzures, 11590, Alcaldia Miguel Hidalgo, Mexico
Calle Mazatlan, 54, Colonia Condesa, 06140, Alcaldia Cuauhtemoc, Mexico
Avenida Rio de la Loza, 156, Colonia Doctores, 06700, Alcaldia Cuauhtemoc, Mexico
Calle Tacubaya, 116, Colonia Tacubaya, 11870, Alcaldia Miguel Hidalgo, Mexico
Avenida Paseo de la Reforma, 1702, Colonia Lomas de Chapultepec, 11000, Alcaldia Miguel Hidalgo, Mexico
Calle de las Limas, 67, Colonia Villa Coyoacan, 04980, Alcaldia Coyoacan, Mexico
Calle de los Olivos, 246, Colonia Santa Maria la Ribera, 06400, Alcaldia Cuauhtemoc, Mexico
Avenida de los Insurgentes Norte, 391, Colonia Lindavista, 07700, Alcaldia Gustavo A. Madero, Mexico
Calle del Rio, 543, Colonia Portero, 06950, Alcaldia Venustiano Carranza, Mexico
Calle Dorados, 254, Colonia Roma Sur, 06760, Alcaldia Cuauhtemoc, Mexico
Avenida Tlalpan, 780, Colonia Coyoacan, 04300, Alcaldia Coyoacan, Mexico
Calle Hidalgo, 412, Colonia Santa Fe, 01210, Alcaldia Alvaro Obregon, Mexico
Calle de la Paz, 509, Colonia Polanco, 11560, Alcaldia Miguel Hidalgo, Mexico
Avenida Juarez, 1345, Colonia Centro, 06000, Alcaldia Cuauhtemoc, Mexico
Calle Bosques, 360, Colonia Bosques de las Lomas, 05120, Alcaldia Cuajimalpa, Mexico
Calle Vallejo, 711, Colonia Industrial Vallejo, 02300, Alcaldia Gustavo A. Madero, Mexico
Calle Copilco, 123, Colonia Copilco, 04510, Alcaldia Coyoacan, Mexico
Avenida de los Insurgentes Sur, 1425, Colonia Napoles, 03810, Alcaldia Benito Juarez, Mexico
Calle Dolores, 467, Colonia Tacubaya, 11870, Alcaldia Miguel Hidalgo, Mexico
Avenida Revolucion, 928, Colonia Roma Norte, 06700, Alcaldia Cuauhtemoc, Mexico
Calle Guayaba, 179, Colonia La Viga, 09020, Alcaldia Iztacalco, Mexico
Calle de la Luna, 322, Colonia San Angel, 01000, Alcaldia Alvaro Obregon, Mexico
Avenida Paseo de la Reforma, 1463, Colonia Polanco, 11560, Alcaldia Miguel Hidalgo, Mexico
Calle Felipe Angeles, 93, Colonia Roma Norte, 06700, Alcaldia Cuauhtemoc, Mexico
Calle De La Piedad, 472, Colonia Doctores, 06700, Alcaldia Cuauhtemoc, Mexico
Avenida Tlalpan, 467, Colonia Villa Coyoacan, 04980, Alcaldia Coyoacan, Mexico
Calle Reforma, 309, Colonia Lomas de Chapultepec, 11000, Alcaldia Miguel Hidalgo, Mexico
Calle Candelaria, 554, Colonia Santa Maria la Ribera, 06400, Alcaldia Cuauhtemoc, Mexico
Avenida Vallejo, 624, Colonia Industrial Vallejo, 02300, Alcaldia Gustavo A. Madero, Mexico
Calle del Sol, 184, Colonia Tacubaya, 11870, Alcaldia Miguel Hidalgo, Mexico
Avenida 5 de Febrero, 670, Colonia Anzures, 11590, Alcaldia Miguel Hidalgo, Mexico
Calle Margaritas, 40, Colonia San Pedro de los Pinos, 01180, Alcaldia Alvaro Obregon, Mexico
Calle Tiber, 900, Colonia Cuauhtemoc, 06500, Alcaldia Cuauhtemoc, Mexico
Avenida San Antonio, 410, Colonia San Antonio, 01900, Alcaldia Alvaro Obregon, Mexico
Calle de los Pinos, 295, Colonia Narvarte, 03020, Alcaldia Benito Juarez, Mexico
Avenida Reforma, 682, Colonia Roma Norte, 06700, Alcaldia Cuauhtemoc, Mexico
Calle Caracol, 88, Colonia Del Valle, 03100, Alcaldia Benito Juarez, Mexico
Calle Venustiano Carranza, 390, Colonia Guerrero, 06300, Alcaldia Cuauhtemoc, Mexico
Avenida Coyoacan, 128, Colonia Viveros, 04500, Alcaldia Coyoacan, Mexico
Calle San Jeronimo, 612, Colonia San Jeronimo, 10200, Alcaldia Magdalena Contreras, Mexico
Calle Independencia, 24, Colonia Lomas de Chapultepec, 11000, Alcaldia Miguel Hidalgo, Mexico
Avenida de los Insurgentes Sur, 1567, Colonia Del Valle, 03100, Alcaldia Benito Juarez, Mexico
Calle de la Florida, 333, Colonia Condesa, 06140, Alcaldia Cuauhtemoc, Mexico
Avenida Insurgentes Norte, 972, Colonia Lindavista, 07700, Alcaldia Gustavo A. Madero, Mexico
Calle Rio de la Loza, 214, Colonia Doctores, 06700, Alcaldia Cuauhtemoc, Mexico
Avenida Revolucion, 142, Colonia Tacubaya, 11870, Alcaldia Miguel Hidalgo, Mexico
Calle Montevideo, 56, Colonia Polanco, 11560, Alcaldia Miguel Hidalgo, Mexico
Calle Acapulco, 278, Colonia Condesa, 06140, Alcaldia Cuauhtemoc, Mexico
Avenida Santa Fe, 982, Colonia Santa Fe, 01210, Alcaldia Alvaro Obregon, Mexico
Calle San Angel, 102, Colonia San Angel, 01000, Alcaldia Alvaro Obregon, Mexico
Avenida 16 de Septiembre, 215, Colonia Guerrero, 06300, Alcaldia Cuauhtemoc, Mexico
Calle San Pablo, 432, Colonia Roma Sur, 06760, Alcaldia Cuauhtemoc, Mexico
Calle Revolucion, 660, Colonia Centro, 06000, Alcaldia Cuauhtemoc, Mexico
Avenida Tlalpan, 510, Colonia Coyoacan, 04300, Alcaldia Coyoacan, Mexico
Calle de la Solana, 109, Colonia Santa Maria la Ribera, 06400, Alcaldia Cuauhtemoc, Mexico
Calle del Carmen, 143, Colonia Del Valle, 03100, Alcaldia Benito Juarez, Mexico
Avenida de los Insurgentes Sur, 1735, Colonia Napoles, 03810, Alcaldia Benito Juarez, Mexico
Calle de los Jazmines, 231, Colonia San Angel, 01000, Alcaldia Alvaro Obregon, Mexico
Avenida Insurgentes Norte, 600, Colonia Lindavista, 07700, Alcaldia Gustavo A. Madero, Mexico
Calle Plateros, 785, Colonia Santa Maria la Ribera, 06400, Alcaldia Cuauhtemoc, Mexico
Calle San Pedro, 129, Colonia Tacubaya, 11870, Alcaldia Miguel Hidalgo, Mexico
Avenida Paseo de la Reforma, 630, Colonia Polanco, 11560, Alcaldia Miguel Hidalgo, Mexico
Calle Montanas, 854, Colonia Vallejo, 02300, Alcaldia Gustavo A. Madero, Mexico
Avenida de los Maestros, 753, Colonia Olivar de los Padres, 01780, Alcaldia Alvaro Obregon, Mexico
Calle de la Carreta, 460, Colonia Viveros, 04500, Alcaldia Coyoacan, Mexico
Calle Paloma, 998, Colonia Condesa, 06140, Alcaldia Cuauhtemoc, Mexico
Avenida Juarez, 23, Colonia Centro, 06000, Alcaldia Cuauhtemoc, Mexico
Calle Tlalpan, 589, Colonia Villa Coyoacan, 04980, Alcaldia Coyoacan, Mexico
Calle Salvador Diaz Miron, 140, Colonia Tacubaya, 11870, Alcaldia Miguel Hidalgo, Mexico
Avenida de la Paz, 670, Colonia Polanco, 11560, Alcaldia Miguel Hidalgo, Mexico
Calle Real, 111, Colonia Condesa, 06140, Alcaldia Cuauhtemoc, Mexico
Calle Guerrero, 990, Colonia Guerrero, 06300, Alcaldia Cuauhtemoc, Mexico
Avenida Chapultepec, 765, Colonia Roma Sur, 06760, Alcaldia Cuauhtemoc, Mexico
Calle Maria Jose, 362, Colonia Doctores, 06700, Alcaldia Cuauhtemoc, Mexico
Avenida Paseo de la Reforma, 1775, Colonia Polanco, 11560, Alcaldia Miguel Hidalgo, Mexico
Calle de los Angeles, 824, Colonia Roma Norte, 06700, Alcaldia Cuauhtemoc, Mexico
Avenida Tlalpan, 600, Colonia Coyoacan, 04300, Alcaldia Coyoacan, Mexico
Calle Granjas, 250, Colonia Industrial Vallejo, 02300, Alcaldia Gustavo A. Madero, Mexico
Calle Doctor Vertiz, 397, Colonia Del Valle, 03100, Alcaldia Benito Juarez, Mexico
Avenida Insurgentes Sur, 1340, Colonia Napoles, 03810, Alcaldia Benito Juarez, Mexico
Calle Oaxaca, 876, Colonia Condesa, 06140, Alcaldia Cuauhtemoc, Mexico
Avenida Insurgentes Norte, 310, Colonia Lindavista, 07700, Alcaldia Gustavo A. Madero, Mexico
Calle Rios, 453, Colonia Doctores, 06700, Alcaldia Cuauhtemoc, Mexico
Calle Tulum, 311, Colonia Santa Maria la Ribera, 06400, Alcaldia Cuauhtemoc, Mexico
Avenida Paseo de la Reforma, 1580, Colonia Polanco, 11560, Alcaldia Miguel Hidalgo, Mexico
Calle Venustiano Carranza, 305, Colonia Roma Sur, 06760, Alcaldia Cuauhtemoc, Mexico
Avenida de los Insurgentes Sur, 888, Colonia Napoles, 03810, Alcaldia Benito Juarez, Mexico
Calle Real del Monte, 121, Colonia Del Valle, 03100, Alcaldia Benito Juarez, Mexico
Calle La Loma, 689, Colonia Lomas de Chapultepec, 11000, Alcaldia Miguel Hidalgo, Mexico
Calle Vallejo, 402, Colonia Industrial Vallejo, 02300, Alcaldia Gustavo A. Madero, Mexico
Avenida Coyoacan, 248, Colonia Del Valle, 03100, Alcaldia Benito Juarez, Mexico
Calle Santa Anita, 153, Colonia Roma Sur, 06760, Alcaldia Cuauhtemoc, Mexico
Avenida Paseo de la Reforma, 1024, Colonia Polanco, 11560, Alcaldia Miguel Hidalgo, Mexico
Calle de la Luz, 366, Colonia Santa Maria la Ribera, 06400, Alcaldia Cuauhtemoc, Mexico
Calle Valle de Mexico, 579, Colonia Lomas de Chapultepec, 11000, Alcaldia Miguel Hidalgo, Mexico
Calle Nogal, 623, Colonia Viveros, 04500, Alcaldia Coyoacan, Mexico
Avenida Rio de la Loza, 802, Colonia Doctores, 06700, Alcaldia Cuauhtemoc, Mexico
Calle de la Flor, 44, Colonia Roma Norte, 06700, Alcaldia Cuauhtemoc, Mexico
Calle Reforma, 579, Colonia Lomas de Chapultepec, 11000, Alcaldia Miguel Hidalgo, Mexico
Avenida 16 de Septiembre, 801, Colonia Guerrero, 06300, Alcaldia Cuauhtemoc, Mexico
Calle de los Jacaranda, 756, Colonia Roma Norte, 06700, Alcaldia Cuauhtemoc, Mexico
Calle Bosques de Aragon, 400, Colonia Lomas de Tecamachalco, 53950, Alcaldia Huixquilucan, Mexico
Avenida San Antonio, 621, Colonia San Antonio, 01900, Alcaldia Alvaro Obregon, Mexico
Calle Luis Donaldo Colosio, 753, Colonia Del Valle, 03100, Alcaldia Benito Juarez, Mexico
Avenida Jose Maria Rico, 234, Colonia Del Valle, 03100, Alcaldia Benito Juarez, Mexico
Calle Cuauhtemoc, 109, Colonia Roma Norte, 06700, Alcaldia Cuauhtemoc, Mexico
Avenida Chapultepec, 219, Colonia Roma Sur, 06760, Alcaldia Cuauhtemoc, Mexico
Calle Doctor Vertiz, 118, Colonia San Angel, 01000, Alcaldia Alvaro Obregon, Mexico
Avenida Tlalpan, 1397, Colonia Coyoacan, 04300, Alcaldia Coyoacan, Mexico
Calle Lira, 308, Colonia Lomas de Chapultepec, 11000, Alcaldia Miguel Hidalgo, Mexico
Avenida Insurgentes Sur, 1711, Colonia Napoles, 03810, Alcaldia Benito Juarez, Mexico
Calle Santa Cruz, 589, Colonia La Viga, 09020, Alcaldia Iztacalco, Mexico
Avenida Paseo de la Reforma, 264, Colonia Polanco, 11560, Alcaldia Miguel Hidalgo, Mexico
Calle Reforma, 882, Colonia Condesa, 06140, Alcaldia Cuauhtemoc, Mexico
Calle de la Palma, 633, Colonia Polanco, 11560, Alcaldia Miguel Hidalgo, Mexico
Avenida Juarez, 872, Colonia Centro, 06000, Alcaldia Cuauhtemoc, Mexico
Calle Los Angeles, 485, Colonia Roma Norte, 06700, Alcaldia Cuauhtemoc, Mexico
Avenida Oaxaca, 924, Colonia Condesa, 06140, Alcaldia Cuauhtemoc, Mexico
Calle San Felipe, 156, Colonia Tacubaya, 11870, Alcaldia Miguel Hidalgo, Mexico
Avenida Rio Churubusco, 205, Colonia La Viga, 09020, Alcaldia Iztacalco, Mexico
Calle Las Palmas, 901, Colonia Lomas de Chapultepec, 11000, Alcaldia Miguel Hidalgo, Mexico
Avenida Insurgentes Norte, 420, Colonia Lindavista, 07700, Alcaldia Gustavo A. Madero, Mexico
Calle Agustin Melgar, 90, Colonia Polanco, 11560, Alcaldia Miguel Hidalgo, Mexico
Calle Principal, 245, Colonia Santa Maria la Ribera, 06400, Alcaldia Cuauhtemoc, Mexico
Calle Las Aves, 51, Colonia Del Valle, 03100, Alcaldia Benito Juarez, Mexico
Avenida Juarez, 251, Colonia Centro, 06000, Alcaldia Cuauhtemoc, Mexico
Calle del Sol, 882, Colonia San Angel, 01000, Alcaldia Alvaro Obregon, Mexico
Avenida 5 de Febrero, 412, Colonia Anzures, 11590, Alcaldia Miguel Hidalgo, Mexico
Calle San Jeronimo, 191, Colonia San Jeronimo, 10200, Alcaldia Magdalena Contreras, Mexico
Calle Mexico, 271, Colonia Doctores, 06700, Alcaldia Cuauhtemoc, Mexico
Avenida Paseo de la Reforma, 3032, Colonia Lomas de Chapultepec, 11000, Alcaldia Miguel Hidalgo, Mexico
Calle Ignacio Zaragoza, 194, Colonia Tacubaya, 11870, Alcaldia Miguel Hidalgo, Mexico
Avenida de los Maestros, 541, Colonia Olivar de los Padres, 01780, Alcaldia Alvaro Obregon, Mexico
Calle de la Rosa, 118, Colonia Condesa, 06140, Alcaldia Cuauhtemoc, Mexico
Calle Insurgentes Norte, 682, Colonia Lindavista, 07700, Alcaldia Gustavo A. Madero, Mexico
Calle Oaxaca, 542, Colonia Roma Sur, 06760, Alcaldia Cuauhtemoc, Mexico
Avenida Revolucion, 210, Colonia Lomas de Chapultepec, 11000, Alcaldia Miguel Hidalgo, Mexico
Calle Pino, 178, Colonia San Angel, 01000, Alcaldia Alvaro Obregon, Mexico
Avenida Tlalpan, 792, Colonia Coyoacan, 04300, Alcaldia Coyoacan, Mexico
Calle de las Flores, 335, Colonia Lomas de Chapultepec, 11000, Alcaldia Miguel Hidalgo, Mexico
Avenida Insurgentes Sur, 431, Colonia Napoles, 03810, Alcaldia Benito Juarez, Mexico
Calle Pino, 295, Colonia Condesa, 06140, Alcaldia Cuauhtemoc, Mexico
Calle del Sol, 879, Colonia Tacubaya, 11870, Alcaldia Miguel Hidalgo, Mexico
Avenida Revolucion, 428, Colonia Roma Norte, 06700, Alcaldia Cuauhtemoc, Mexico
Calle Madrid, 165, Colonia Roma Sur, 06760, Alcaldia Cuauhtemoc, Mexico
Calle de la Laguna, 201, Colonia Condesa, 06140, Alcaldia Cuauhtemoc, Mexico
Calle Lopez, 111, Colonia Santa Fe, 01210, Alcaldia Alvaro Obregon, Mexico
Avenida Paseo de la Reforma, 1305, Colonia Polanco, 11560, Alcaldia Miguel Hidalgo, Mexico
Calle Napoles, 320, Colonia Roma Norte, 06700, Alcaldia Cuauhtemoc, Mexico
Calle Bosques de la Loma, 115, Colonia Bosques de las Lomas, 05120, Alcaldia Cuajimalpa, Mexico
Avenida 16 de Septiembre, 482, Colonia Guerrero, 06300, Alcaldia Cuauhtemoc, Mexico
Calle Coyoacan, 501, Colonia Coyoacan, 04000, Alcaldia Coyoacan, Mexico
Calle de los Reyes, 276, Colonia Del Valle, 03100, Alcaldia Benito Juarez, Mexico
Avenida de los Insurgentes Sur, 972, Colonia Napoles, 03810, Alcaldia Benito Juarez, Mexico
Calle San Pablo, 362, Colonia Condesa, 06140, Alcaldia Cuauhtemoc, Mexico
Calle de los Angeles, 824, Colonia Roma Norte, 06700, Alcaldia Cuauhtemoc, Mexico
Avenida Tlalpan, 600, Colonia Coyoacan, 04300, Alcaldia Coyoacan, Mexico
Calle Granjas, 250, Colonia Industrial Vallejo, 02300, Alcaldia Gustavo A. Madero, Mexico
Calle Doctor Vertiz, 397, Colonia Del Valle, 03100, Alcaldia Benito Juarez, Mexico
Avenida Insurgentes Sur, 1340, Colonia Napoles, 03810, Alcaldia Benito Juarez, Mexico
Calle Oaxaca, 876, Colonia Condesa, 06140, Alcaldia Cuauhtemoc, Mexico
Avenida Insurgentes Norte, 310, Colonia Lindavista, 07700, Alcaldia Gustavo A. Madero, Mexico
Calle Rios, 453, Colonia Doctores, 06700, Alcaldia Cuauhtemoc, Mexico
Calle Tulum, 311, Colonia Santa Maria la Ribera, 06400, Alcaldia Cuauhtemoc, Mexico
Avenida Paseo de la Reforma, 1580, Colonia Polanco, 11560, Alcaldia Miguel Hidalgo, Mexico
Calle Venustiano Carranza, 305, Colonia Roma Sur, 06760, Alcaldia Cuauhtemoc, Mexico
Avenida de los Insurgentes Sur, 888, Colonia Napoles, 03810, Alcaldia Benito Juarez, Mexico
Calle Real del Monte, 121, Colonia Del Valle, 03100, Alcaldia Benito Juarez, Mexico
Calle La Loma, 689, Colonia Lomas de Chapultepec, 11000, Alcaldia Miguel Hidalgo, Mexico
Calle Vallejo, 402, Colonia Industrial Vallejo, 02300, Alcaldia Gustavo A. Madero, Mexico
Avenida Coyoacan, 248, Colonia Del Valle, 03100, Alcaldia Benito Juarez, Mexico
Calle Santa Anita, 153, Colonia Roma Sur, 06760, Alcaldia Cuauhtemoc, Mexico
Avenida Paseo de la Reforma, 1024, Colonia Polanco, 11560, Alcaldia Miguel Hidalgo, Mexico
Calle de la Luz, 366, Colonia Santa Maria la Ribera, 06400, Alcaldia Cuauhtemoc, Mexico
Calle Valle de Mexico, 579, Colonia Lomas de Chapultepec, 11000, Alcaldia Miguel Hidalgo, Mexico
Calle Nogal, 623, Colonia Viveros, 04500, Alcaldia Coyoacan, Mexico
Avenida Rio de la Loza, 802, Colonia Doctores, 06700, Alcaldia Cuauhtemoc, Mexico
Calle de la Flor, 44, Colonia Roma Norte, 06700, Alcaldia Cuauhtemoc, Mexico
Calle Reforma, 579, Colonia Lomas de Chapultepec, 11000, Alcaldia Miguel Hidalgo, Mexico
Avenida 16 de Septiembre, 801, Colonia Guerrero, 06300, Alcaldia Cuauhtemoc, Mexico
Calle de los Jacaranda, 756, Colonia Roma Norte, 06700, Alcaldia Cuauhtemoc, Mexico
Calle Bosques de Aragon, 400, Colonia Lomas de Tecamachalco, 53950, Alcaldia Huixquilucan, Mexico
Avenida San Antonio, 621, Colonia San Antonio, 01900, Alcaldia Alvaro Obregon, Mexico
Calle Luis Donaldo Colosio, 753, Colonia Del Valle, 03100, Alcaldia Benito Juarez, Mexico
Avenida Jose Maria Rico, 234, Colonia Del Valle, 03100, Alcaldia Benito Juarez, Mexico
Calle Cuauhtemoc, 109, Colonia Roma Norte, 06700, Alcaldia Cuauhtemoc, Mexico
Avenida Chapultepec, 219, Colonia Roma Sur, 06760, Alcaldia Cuauhtemoc, Mexico
Calle Doctor Vertiz, 118, Colonia San Angel, 01000, Alcaldia Alvaro Obregon, Mexico
Avenida Tlalpan, 1397, Colonia Coyoacan, 04300, Alcaldia Coyoacan, Mexico
Calle Lira, 308, Colonia Lomas de Chapultepec, 11000, Alcaldia Miguel Hidalgo, Mexico
Avenida Insurgentes Sur, 1711, Colonia Napoles, 03810, Alcaldia Benito Juarez, Mexico
Calle Santa Cruz, 589, Colonia La Viga, 09020, Alcaldia Iztacalco, Mexico
Avenida Paseo de la Reforma, 1024, Colonia Polanco, 11560, Alcaldia Miguel Hidalgo, Mexico
Calle Reforma, 882, Colonia Condesa, 06140, Alcaldia Cuauhtemoc, Mexico
Calle de la Palma, 633, Colonia Polanco, 11560, Alcaldia Miguel Hidalgo, Mexico
Avenida Juarez, 23, Colonia Centro, 06000, Alcaldia Cuauhtemoc, Mexico
Calle Los Angeles, 485, Colonia Roma Norte, 06700, Alcaldia Cuauhtemoc, Mexico
Avenida Oaxaca, 924, Colonia Condesa, 06140, Alcaldia Cuauhtemoc, Mexico
Calle San Felipe, 156, Colonia Tacubaya, 11870, Alcaldia Miguel Hidalgo, Mexico
Avenida Rio Churubusco, 205, Colonia La Viga, 09020, Alcaldia Iztacalco, Mexico
Calle Las Palmas, 901, Colonia Lomas de Chapultepec, 11000, Alcaldia Miguel Hidalgo, Mexico
Avenida Insurgentes Norte, 420, Colonia Lindavista, 07700, Alcaldia Gustavo A. Madero, Mexico
Calle Agustin Melgar, 90, Colonia Polanco, 11560, Alcaldia Miguel Hidalgo, Mexico
Calle Principal, 245, Colonia Santa Maria la Ribera, 06400, Alcaldia Cuauhtemoc, Mexico
Calle Las Aves, 51, Colonia Del Valle, 03100, Alcaldia Benito Juarez, Mexico
Avenida Juarez, 251, Colonia Centro, 06000, Alcaldia Cuauhtemoc, Mexico
Calle San Angel, 102, Colonia San Angel, 01000, Alcaldia Alvaro Obregon, Mexico
Avenida 5 de Febrero, 412, Colonia Anzures, 11590, Alcaldia Miguel Hidalgo, Mexico
Calle San Jeronimo, 191, Colonia San Jeronimo, 10200, Alcaldia Magdalena Contreras, Mexico
Calle Mexico, 271, Colonia Doctores, 06700, Alcaldia Cuauhtemoc, Mexico
Avenida Paseo de la Reforma, 3032, Colonia Lomas de Chapultepec, 11000, Alcaldia Miguel Hidalgo, Mexico
Calle Ignacio Zaragoza, 194, Colonia Tacubaya, 11870, Alcaldia Miguel Hidalgo, Mexico
Avenida de los Maestros, 541, Colonia Olivar de los Padres, 01780, Alcaldia Alvaro Obregon, Mexico
Calle de la Rosa, 118, Colonia Condesa, 06140, Alcaldia Cuauhtemoc, Mexico
Calle Insurgentes Norte, 682, Colonia Lindavista, 07700, Alcaldia Gustavo A. Madero, Mexico
Calle Oaxaca, 542, Colonia Roma Sur, 06760, Alcaldia Cuauhtemoc, Mexico
Avenida Revolucion, 210, Colonia Lomas de Chapultepec, 11000, Alcaldia Miguel Hidalgo, Mexico
Calle Pino, 178, Colonia San Angel, 01000, Alcaldia Alvaro Obregon, Mexico
Avenida Tlalpan, 792, Colonia Coyoacan, 04300, Alcaldia Coyoacan, Mexico
Calle de las Flores, 335, Colonia Lomas de Chapultepec, 11000, Alcaldia Miguel Hidalgo, Mexico
Avenida Insurgentes Sur, 431, Colonia Napoles, 03810, Alcaldia Benito Juarez, Mexico
Calle Pino, 295, Colonia Condesa, 06140, Alcaldia Cuauhtemoc, Mexico
Calle del Sol, 879, Colonia Tacubaya, 11870, Alcaldia Miguel Hidalgo, Mexico
Avenida Revolucion, 428, Colonia Roma Norte, 06700, Alcaldia Cuauhtemoc, Mexico
Calle Madrid, 165, Colonia Roma Sur, 06760, Alcaldia Cuauhtemoc, Mexico
Calle de la Laguna, 201, Colonia Condesa, 06140, Alcaldia Cuauhtemoc, Mexico
Calle Lopez, 111, Colonia Santa Fe, 01210, Alcaldia Alvaro Obregon, Mexico
Avenida Paseo de la Reforma, 1305, Colonia Polanco, 11560, Alcaldia Miguel Hidalgo, Mexico
Calle Napoles, 320, Colonia Roma Norte, 06700, Alcaldia Cuauhtemoc, Mexico
Calle Bosques de la Loma, 115, Colonia Bosques de las Lomas, 05120, Alcaldia Cuajimalpa, Mexico
Calle Santa Fe, 526, Colonia San Angel, 01000, Alcaldia Alvaro Obregon, Mexico
Avenida Paseo de la Reforma, 1415, Colonia Polanco, 11560, Alcaldia Miguel Hidalgo, Mexico
Calle Zacatecas, 276, Colonia Roma Norte, 06700, Alcaldia Cuauhtemoc, Mexico
Avenida Insurgentes Sur, 503, Colonia Napoles, 03810, Alcaldia Benito Juarez, Mexico
Calle de las Aguilas, 411, Colonia Las Aguilas, 01710, Alcaldia Alvaro Obregon, Mexico
Avenida Jose Vasconcelos, 803, Colonia Condesa, 06140, Alcaldia Cuauhtemoc, Mexico
Calle Rio Mixcoac, 501, Colonia Xoco, 03330, Alcaldia Benito Juarez, Mexico
Avenida Tlalpan, 944, Colonia Coyoacan, 04300, Alcaldia Coyoacan, Mexico
Calle de los Insurgentes, 789, Colonia San Angel, 01000, Alcaldia Alvaro Obregon, Mexico
Calle Delfin, 601, Colonia La Condesa, 06140, Alcaldia Cuauhtemoc, Mexico
Calle de la Loma, 884, Colonia Lomas de Chapultepec, 11000, Alcaldia Miguel Hidalgo, Mexico
Avenida de los Maestros, 441, Colonia Olivar de los Padres, 01780, Alcaldia Alvaro Obregon, Mexico
Calle Pinos, 214, Colonia Del Valle, 03100, Alcaldia Benito Juarez, Mexico
Avenida Insurgentes Norte, 534, Colonia Lindavista, 07700, Alcaldia Gustavo A. Madero, Mexico
Calle Hidalgo, 753, Colonia Guerrero, 06300, Alcaldia Cuauhtemoc, Mexico
Calle Dalias, 872, Colonia El Pedregal, 01900, Alcaldia Alvaro Obregon, Mexico
Avenida Paseo de la Reforma, 1890, Colonia Polanco, 11560, Alcaldia Miguel Hidalgo, Mexico
Calle Veracruz, 302, Colonia Doctores, 06700, Alcaldia Cuauhtemoc, Mexico
Avenida Rio Churubusco, 832, Colonia La Viga, 09020, Alcaldia Iztacalco, Mexico
Calle Barcelona, 144, Colonia Roma Norte, 06700, Alcaldia Cuauhtemoc, Mexico
Calle De la Paz, 533, Colonia Polanco, 11560, Alcaldia Miguel Hidalgo, Mexico
Avenida de la Reforma, 1535, Colonia Lomas de Chapultepec, 11000, Alcaldia Miguel Hidalgo, Mexico
Calle Amores, 412, Colonia Santa Maria la Ribera, 06400, Alcaldia Cuauhtemoc, Mexico
Avenida Coyoacan, 270, Colonia Coyoacan, 04000, Alcaldia Coyoacan, Mexico
Calle Donceles, 547, Colonia Centro, 06000, Alcaldia Cuauhtemoc, Mexico
Avenida Insurgentes Norte, 765, Colonia Lindavista, 07700, Alcaldia Gustavo A. Madero, Mexico
Calle Ribera de San Cosme, 920, Colonia San Cosme, 06800, Alcaldia Cuauhtemoc, Mexico
Avenida General Anaya, 366, Colonia Mexicaltzingo, 09060, Alcaldia Coyoacan, Mexico
Calle Ceiba, 192, Colonia Lomas de Chapultepec, 11000, Alcaldia Miguel Hidalgo, Mexico
Avenida Manuel Avila Camacho, 557, Colonia Polanco, 11560, Alcaldia Miguel Hidalgo, Mexico
Calle del Valle, 314, Colonia Del Valle, 03100, Alcaldia Benito Juarez, Mexico
Calle Roma, 598, Colonia Roma Norte, 06700, Alcaldia Cuauhtemoc, Mexico
Avenida Cumbres, 246, Colonia Cumbres del Pedregal, 01900, Alcaldia Tlalpan, Mexico
Calle Jose Maria Pino Suarez, 146, Colonia Centro, 06000, Alcaldia Cuauhtemoc, Mexico
Avenida Revolucion, 511, Colonia Lomas de Chapultepec, 11000, Alcaldia Miguel Hidalgo, Mexico
Calle Xola, 345, Colonia Del Valle, 03100, Alcaldia Benito Juarez, Mexico
Avenida Revolucion, 195, Colonia Tacubaya, 11870, Alcaldia Miguel Hidalgo, Mexico
Calle Guerrero, 436, Colonia Guerrero, 06300, Alcaldia Cuauhtemoc, Mexico
Avenida 5 de Febrero, 112, Colonia Anzures, 11590, Alcaldia Miguel Hidalgo, Mexico
Calle Moliere, 732, Colonia Polanco, 11560, Alcaldia Miguel Hidalgo, Mexico
Avenida de la Paz, 876, Colonia Olivar de los Padres, 01780, Alcaldia Alvaro Obregon, Mexico
Calle Juarez, 945, Colonia Centro, 06000, Alcaldia Cuauhtemoc, Mexico
Calle Rio de la Loza, 189, Colonia Doctores, 06700, Alcaldia Cuauhtemoc, Mexico
Avenida Paseo de la Reforma, 1215, Colonia Polanco, 11560, Alcaldia Miguel Hidalgo, Mexico
Calle de los Cedros, 215, Colonia Lomas de Chapultepec, 11000, Alcaldia Miguel Hidalgo, Mexico
Calle de las Begonias, 587, Colonia Roma Sur, 06760, Alcaldia Cuauhtemoc, Mexico
Avenida Insurgentes Sur, 2025, Colonia Napoles, 03810, Alcaldia Benito Juarez, Mexico
Calle Violeta, 412, Colonia Condesa, 06140, Alcaldia Cuauhtemoc, Mexico
Avenida Tlalpan, 56, Colonia Coyoacan, 04300, Alcaldia Coyoacan, Mexico
Calle Rio Hondo, 637, Colonia La Viga, 09020, Alcaldia Iztacalco, Mexico
Avenida del Castillo, 342, Colonia Del Valle, 03100, Alcaldia Benito Juarez, Mexico
Calle Tulipanes, 481, Colonia Santa Maria la Ribera, 06400, Alcaldia Cuauhtemoc, Mexico
Avenida Insurgentes Sur, 340, Colonia Napoles, 03810, Alcaldia Benito Juarez, Mexico
Calle Monte Everest, 522, Colonia Lomas de Chapultepec, 11000, Alcaldia Miguel Hidalgo, Mexico
Calle Patria, 183, Colonia Tacubaya, 11870, Alcaldia Miguel Hidalgo, Mexico
Avenida 16 de Septiembre, 1074, Colonia Guerrero, 06300, Alcaldia Cuauhtemoc, Mexico
Calle Oaxaca, 321, Colonia Condesa, 06140, Alcaldia Cuauhtemoc, Mexico
Calle Polanco, 855, Colonia Polanco, 11560, Alcaldia Miguel Hidalgo, Mexico
Avenida de los Insurgentes Sur, 642, Colonia Napoles, 03810, Alcaldia Benito Juarez, Mexico
Calle Plateros, 399, Colonia Polanco, 11560, Alcaldia Miguel Hidalgo, Mexico
Avenida Rio Mixcoac, 511, Colonia Xoco, 03330, Alcaldia Benito Juarez, Mexico
Calle Zapata, 148, Colonia Lomas de Chapultepec, 11000, Alcaldia Miguel Hidalgo, Mexico
Avenida Francisco I. Madero, 533, Colonia Centro, 06000, Alcaldia Cuauhtemoc, Mexico
Calle de la Reforma, 1301, Colonia Roma Norte, 06700, Alcaldia Cuauhtemoc, Mexico
Calle de los Insurgentes Norte, 1267, Colonia Lindavista, 07700, Alcaldia Gustavo A. Madero, Mexico
Avenida Coyoacan, 502, Colonia Coyoacan, 04000, Alcaldia Coyoacan, Mexico
Calle Luis Cabrera, 306, Colonia Del Valle, 03100, Alcaldia Benito Juarez, Mexico
Avenida del Consulado, 322, Colonia El Consulado, 08600, Alcaldia Iztacalco, Mexico
Calle Libertad, 740, Colonia Centro, 06000, Alcaldia Cuauhtemoc, Mexico
Avenida Santa Fe, 844, Colonia Santa Fe, 01210, Alcaldia Alvaro Obregon, Mexico
Calle Canitas, 267, Colonia Lomas de Chapultepec, 11000, Alcaldia Miguel Hidalgo, Mexico
Avenida Paseo de la Reforma, 2222, Colonia Polanco, 11560, Alcaldia Miguel Hidalgo, Mexico
Calle Leon, 642, Colonia Guerrero, 06300, Alcaldia Cuauhtemoc, Mexico
Avenida Vallejo, 301, Colonia Industrial Vallejo, 02300, Alcaldia Gustavo A. Madero, Mexico
Calle Principal, 719, Colonia Roma Sur, 06760, Alcaldia Cuauhtemoc, Mexico
Avenida 5 de Febrero, 162, Colonia Anzures, 11590, Alcaldia Miguel Hidalgo, Mexico
Calle Sol, 208, Colonia Tacubaya, 11870, Alcaldia Miguel Hidalgo, Mexico
Avenida Insurgentes Norte, 731, Colonia Lindavista, 07700, Alcaldia Gustavo A. Madero, Mexico
Calle Felix Cuevas, 1024, Colonia Del Valle, 03100, Alcaldia Benito Juarez, Mexico
Calle Republica de Brasil, 331, Colonia Centro, 06000, Alcaldia Cuauhtemoc, Mexico
Avenida San Antonio, 879, Colonia San Antonio, 01900, Alcaldia Alvaro Obregon, Mexico
Calle Carlos J. Najera, 156, Colonia Mixcoac, 03910, Alcaldia Benito Juarez, Mexico
Calle Lazaro Cardenas, 682, Colonia San Angel, 01000, Alcaldia Alvaro Obregon, Mexico
Avenida Venustiano Carranza, 568, Colonia Guerrero, 06300, Alcaldia Cuauhtemoc, Mexico
Calle Lirio, 479, Colonia Lomas de Chapultepec, 11000, Alcaldia Miguel Hidalgo, Mexico
Calle Sierra Nevada, 221, Colonia La Loma, 03910, Alcaldia Tlalpan, Mexico
Calle Hidalgo, 744, Colonia Guerrero, 06300, Alcaldia Cuauhtemoc, Mexico
Avenida Paseo de la Reforma, 3511, Colonia Lomas de Chapultepec, 11000, Alcaldia Miguel Hidalgo, Mexico
Calle Luis Donaldo Colosio, 302, Colonia Polanco, 11560, Alcaldia Miguel Hidalgo, Mexico
Avenida Insurgentes Sur, 188, Colonia Napoles, 03810, Alcaldia Benito Juarez, Mexico
Calle Abasolo, 591, Colonia Centro, 06000, Alcaldia Cuauhtemoc, Mexico
Avenida Tlalpan, 672, Colonia Coyoacan, 04300, Alcaldia Coyoacan, Mexico
Calle Jalisco, 543, Colonia Roma Sur, 06760, Alcaldia Cuauhtemoc, Mexico
Avenida Cuauhtemoc, 1015, Colonia Del Valle, 03100, Alcaldia Benito Juarez, Mexico
Calle de las Flores, 823, Colonia San Angel, 01000, Alcaldia Alvaro Obregon, Mexico
Avenida Insurgentes Sur, 234, Colonia Napoles, 03810, Alcaldia Benito Juarez, Mexico
Calle San Antonio, 679, Colonia Santa Fe, 01210, Alcaldia Alvaro Obregon, Mexico
Calle de los Arboles, 521, Colonia Santa Maria la Ribera, 06400, Alcaldia Cuauhtemoc, Mexico
Avenida de los Insurgentes Norte, 901, Colonia Lindavista, 07700, Alcaldia Gustavo A. Madero, Mexico
Calle Vallejo, 617, Colonia Industrial Vallejo, 02300, Alcaldia Gustavo A. Madero, Mexico
Calle de los Laureles, 430, Colonia Polanco, 11560, Alcaldia Miguel Hidalgo, Mexico
Avenida Revolucion, 154, Colonia Tacubaya, 11870, Alcaldia Miguel Hidalgo, Mexico
Calle del Lago, 712, Colonia Coyoacan, 04000, Alcaldia Coyoacan, Mexico
Avenida Paseo de la Reforma, 1634, Colonia Polanco, 11560, Alcaldia Miguel Hidalgo, Mexico
Calle Xola, 320, Colonia Del Valle, 03100, Alcaldia Benito Juarez, Mexico
Calle Copilco, 563, Colonia Copilco el Alto, 04510, Alcaldia Coyoacan, Mexico
Avenida Insurgentes Norte, 281, Colonia Lindavista, 07700, Alcaldia Gustavo A. Madero, Mexico
Calle Puerto Rico, 179, Colonia Condesa, 06140, Alcaldia Cuauhtemoc, Mexico
Avenida 5 de Febrero, 194, Colonia Anzures, 11590, Alcaldia Miguel Hidalgo, Mexico
Calle Polanco, 845, Colonia Polanco, 11560, Alcaldia Miguel Hidalgo, Mexico
Calle Rio Hondo, 504, Colonia La Viga, 09020, Alcaldia Iztacalco, Mexico
Avenida 16 de Septiembre, 459, Colonia Guerrero, 06300, Alcaldia Cuauhtemoc, Mexico
Calle de la Paz, 348, Colonia San Angel, 01000, Alcaldia Alvaro Obregon, Mexico
Avenida Jose Maria Rico, 563, Colonia Del Valle, 03100, Alcaldia Benito Juarez, Mexico
Calle Libertad, 756, Colonia Santa Maria la Ribera, 06400, Alcaldia Cuauhtemoc, Mexico
Calle Reforma, 1221, Colonia Roma Norte, 06700, Alcaldia Cuauhtemoc, Mexico
Calle Monterrey, 289, Colonia Condesa, 06140, Alcaldia Cuauhtemoc, Mexico
Avenida Paseo de la Reforma, 2590, Colonia Lomas de Chapultepec, 11000, Alcaldia Miguel Hidalgo, Mexico
Calle Lopez Mateos, 790, Colonia Del Valle, 03100, Alcaldia Benito Juarez, Mexico
Avenida Benito Juarez, 482, Colonia Industrial Vallejo, 02300, Alcaldia Gustavo A. Madero, Mexico
Calle de la Amistad, 106, Colonia Tacubaya, 11870, Alcaldia Miguel Hidalgo, Mexico
Avenida Insurgentes Sur, 899, Colonia Napoles, 03810, Alcaldia Benito Juarez, Mexico
Calle Doctor Rio de la Loza, 782, Colonia Doctores, 06700, Alcaldia Cuauhtemoc, Mexico
Avenida Santa Fe, 1345, Colonia Santa Fe, 01210, Alcaldia Alvaro Obregon, Mexico
Calle Veracruz, 281, Colonia Condesa, 06140, Alcaldia Cuauhtemoc, Mexico
Avenida de los Insurgentes Norte, 456, Colonia Lindavista, 07700, Alcaldia Gustavo A. Madero, Mexico
Calle Tamaulipas, 622, Colonia Roma Norte, 06700, Alcaldia Cuauhtemoc, Mexico
Avenida Juarez, 751, Colonia Centro, 06000, Alcaldia Cuauhtemoc, Mexico
Calle Sabino, 190, Colonia Del Valle, 03100, Alcaldia Benito Juarez, Mexico
Calle Las Cumbres, 203, Colonia Cumbres del Pedregal, 01900, Alcaldia Tlalpan, Mexico
Avenida Reforma, 998, Colonia Roma Norte, 06700, Alcaldia Cuauhtemoc, Mexico
Calle Margarita, 151, Colonia Polanco, 11560, Alcaldia Miguel Hidalgo, Mexico
Avenida Coyoacan, 489, Colonia Coyoacan, 04000, Alcaldia Coyoacan, Mexico
Calle de la Loma, 183, Colonia Lomas de Chapultepec, 11000, Alcaldia Miguel Hidalgo, Mexico
Avenida Venustiano Carranza, 504, Colonia Guerrero, 06300, Alcaldia Cuauhtemoc, Mexico
Calle Doctor Vertiz, 914, Colonia Del Valle, 03100, Alcaldia Benito Juarez, Mexico
Avenida 16 de Septiembre, 176, Colonia Guerrero, 06300, Alcaldia Cuauhtemoc, Mexico
Calle de las Dalias, 548, Colonia El Pedregal, 01900, Alcaldia Alvaro Obregon, Mexico
Avenida Revolucion, 502, Colonia Tacubaya, 11870, Alcaldia Miguel Hidalgo, Mexico
Calle La Reforma, 374, Colonia Roma Sur, 06760, Alcaldia Cuauhtemoc, Mexico
Avenida Insurgentes Sur, 921, Colonia Napoles, 03810, Alcaldia Benito Juarez, Mexico
Calle Margarita, 672, Colonia Condesa, 06140, Alcaldia Cuauhtemoc, Mexico
Calle Morelia, 503, Colonia Del Valle, 03100, Alcaldia Benito Juarez, Mexico
Calle Paseo de la Reforma, 1620, Colonia Lomas de Chapultepec, 11000, Alcaldia Miguel Hidalgo, Mexico
Avenida Mexicaltzingo, 295, Colonia Mexicaltzingo, 09060, Alcaldia Coyoacan, Mexico
Calle Carlos J. Najera, 504, Colonia Mixcoac, 03910, Alcaldia Benito Juarez, Mexico
Avenida Rio Churubusco, 394, Colonia La Viga, 09020, Alcaldia Iztacalco, Mexico
Calle Plaza de la Constitucion, 176, Colonia Centro, 06000, Alcaldia Cuauhtemoc, Mexico
Avenida Insurgentes Norte, 508, Colonia Lindavista, 07700, Alcaldia Gustavo A. Madero, Mexico
Calle Plan de Ayala, 785, Colonia Tacubaya, 11870, Alcaldia Miguel Hidalgo, Mexico
Calle Abasolo, 476, Colonia Centro, 06000, Alcaldia Cuauhtemoc, Mexico
Calle Mazatlan, 427, Colonia Condesa, 06140, Alcaldia Cuauhtemoc, Mexico
Avenida Insurgentes Sur, 382, Colonia Napoles, 03810, Alcaldia Benito Juarez, Mexico
Calle Rio Guadalquivir, 192, Colonia Napoles, 03810, Alcaldia Benito Juarez, Mexico
Calle del Trabajo, 630, Colonia Del Valle, 03100, Alcaldia Benito Juarez, Mexico
Avenida Paseo de la Reforma, 2847, Colonia Lomas de Chapultepec, 11000, Alcaldia Miguel Hidalgo, Mexico
Calle Toluca, 507, Colonia San Angel, 01000, Alcaldia Alvaro Obregon, Mexico
Calle Iztacalco, 233, Colonia Iztacalco, 09030, Alcaldia Iztacalco, Mexico
Avenida Tlalpan, 950, Colonia Coyoacan, 04300, Alcaldia Coyoacan, Mexico
Calle Lazaro Cardenas, 743, Colonia Tacubaya, 11870, Alcaldia Miguel Hidalgo, Mexico
Avenida de los Maestros, 441, Colonia Olivar de los Padres, 01780, Alcaldia Alvaro Obregon, Mexico
Calle de la Paz, 312, Colonia San Angel, 01000, Alcaldia Alvaro Obregon, Mexico
Avenida Revolucion, 623, Colonia Tacubaya, 11870, Alcaldia Miguel Hidalgo, Mexico
Calle Veracruz, 536, Colonia Condesa, 06140, Alcaldia Cuauhtemoc, Mexico
Calle San Pedro, 241, Colonia Tacubaya, 11870, Alcaldia Miguel Hidalgo, Mexico
Avenida Juarez, 928, Colonia Centro, 06000, Alcaldia Cuauhtemoc, Mexico
Calle Boulevard de la Luz, 315, Colonia Tacubaya, 11870, Alcaldia Miguel Hidalgo, Mexico
Avenida de los Insurgentes Norte, 789, Colonia Lindavista, 07700, Alcaldia Gustavo A. Madero, Mexico
Calle Queretaro, 491, Colonia Condesa, 06140, Alcaldia Cuauhtemoc, Mexico
Calle Enrique Rebsamen, 214, Colonia Del Valle, 03100, Alcaldia Benito Juarez, Mexico
Avenida Polanco, 1423, Colonia Polanco, 11560, Alcaldia Miguel Hidalgo, Mexico
Calle Guerrero, 507, Colonia Guerrero, 06300, Alcaldia Cuauhtemoc, Mexico
Calle Morelos, 680, Colonia Doctores, 06700, Alcaldia Cuauhtemoc, Mexico
Avenida 5 de Febrero, 591, Colonia Anzures, 11590, Alcaldia Miguel Hidalgo, Mexico
Calle Patria, 327, Colonia Tacubaya, 11870, Alcaldia Miguel Hidalgo, Mexico
Avenida Coyoacan, 501, Colonia Coyoacan, 04000, Alcaldia Coyoacan, Mexico
Calle Rio de la Loza, 503, Colonia Doctores, 06700, Alcaldia Cuauhtemoc, Mexico
Avenida Santa Fe, 872, Colonia Santa Fe, 01210, Alcaldia Alvaro Obregon, Mexico
Calle de la Reforma, 3001, Colonia Polanco, 11560, Alcaldia Miguel Hidalgo, Mexico
Calle San Juan de Letran, 187, Colonia Centro, 06000, Alcaldia Cuauhtemoc, Mexico
Avenida Juarez, 802, Colonia Centro, 06000, Alcaldia Cuauhtemoc, Mexico
Calle Canal de Miramontes, 982, Colonia Xochimilco, 16000, Alcaldia Xochimilco, Mexico
Calle Villa de la Paz, 544, Colonia Villa de Cortes, 04700, Alcaldia Coyoacan, Mexico
Avenida Revolucion, 371, Colonia Tacubaya, 11870, Alcaldia Miguel Hidalgo, Mexico
Calle Pedro Infante, 672, Colonia San Angel, 01000, Alcaldia Alvaro Obregon, Mexico
Avenida de los Insurgentes Sur, 782, Colonia Napoles, 03810, Alcaldia Benito Juarez, Mexico
Calle Centenario, 513, Colonia Polanco, 11560, Alcaldia Miguel Hidalgo, Mexico
Calle de las Dalias, 924, Colonia El Pedregal, 01900, Alcaldia Alvaro Obregon, Mexico
Avenida Insurgentes Norte, 492, Colonia Lindavista, 07700, Alcaldia Gustavo A. Madero, Mexico
Calle Roma, 356, Colonia Roma Norte, 06700, Alcaldia Cuauhtemoc, Mexico
Avenida de los Maestros, 680, Colonia Olivar de los Padres, 01780, Alcaldia Alvaro Obregon, Mexico
Calle Lazaro Cardenas, 542, Colonia Guerrero, 06300, Alcaldia Cuauhtemoc, Mexico
Calle Mariano Matamoros, 107, Colonia Roma Norte, 06700, Alcaldia Cuauhtemoc, Mexico
Avenida Paseo de la Reforma, 1911, Colonia Lomas de Chapultepec, 11000, Alcaldia Miguel Hidalgo, Mexico
Calle Concepcion, 485, Colonia Roma Sur, 06760, Alcaldia Cuauhtemoc, Mexico
Calle Francisco I. Madero, 927, Colonia Centro, 06000, Alcaldia Cuauhtemoc, Mexico
Avenida Venustiano Carranza, 621, Colonia Guerrero, 06300, Alcaldia Cuauhtemoc, Mexico
Calle Tlalpan, 531, Colonia Del Valle, 03100, Alcaldia Benito Juarez, Mexico
Calle de los Cedros, 210, Colonia Polanco, 11560, Alcaldia Miguel Hidalgo, Mexico
Calle Dalias, 573, Colonia El Pedregal, 01900, Alcaldia Alvaro Obregon, Mexico
Calle del Lago, 598, Colonia Coyoacan, 04000, Alcaldia Coyoacan, Mexico
Avenida Lopez Mateos, 700, Colonia Del Valle, 03100, Alcaldia Benito Juarez, Mexico
Calle General Anaya, 145, Colonia Mexicaltzingo, 09060, Alcaldia Coyoacan, Mexico
Calle Nicolas San Juan, 582, Colonia Del Valle, 03100, Alcaldia Benito Juarez, Mexico
Avenida Jose Vasconcelos, 345, Colonia Condesa, 06140, Alcaldia Cuauhtemoc, Mexico
Calle Cuauhtemoc, 221, Colonia Roma Sur, 06760, Alcaldia Cuauhtemoc, Mexico
Avenida Insurgentes Sur, 520, Colonia Napoles, 03810, Alcaldia Benito Juarez, Mexico
Calle Torre Reforma, 123, Colonia Reforma, 06500, Alcaldia Cuauhtemoc, Mexico
Avenida Paseo de la Reforma, 2432, Colonia Lomas de Chapultepec, 11000, Alcaldia Miguel Hidalgo, Mexico
Calle Aztecas, 402, Colonia La Viga, 09020, Alcaldia Iztacalco, Mexico
Calle Cuitlahuac, 730, Colonia Plutarco Elias Calles, 07630, Alcaldia Gustavo A. Madero, Mexico
Avenida Venustiano Carranza, 492, Colonia Guerrero, 06300, Alcaldia Cuauhtemoc, Mexico
Calle Rio Tiber, 265, Colonia Cuauhtemoc, 06500, Alcaldia Cuauhtemoc, Mexico
Avenida 5 de Febrero, 830, Colonia Anzures, 11590, Alcaldia Miguel Hidalgo, Mexico
Calle Oaxaca, 110, Colonia Condesa, 06140, Alcaldia Cuauhtemoc, Mexico
Calle de las Palmas, 329, Colonia Polanco, 11560, Alcaldia Miguel Hidalgo, Mexico
Avenida San Antonio, 456, Colonia Santa Fe, 01210, Alcaldia Alvaro Obregon, Mexico
Calle Margarita, 423, Colonia Polanco, 11560, Alcaldia Miguel Hidalgo, Mexico
Calle Heroes de Nacozari, 703, Colonia Tlatelolco, 06900, Alcaldia Cuauhtemoc, Mexico
Avenida Revolucion, 923, Colonia Tacubaya, 11870, Alcaldia Miguel Hidalgo, Mexico
Calle Eje Central Lazaro Cardenas, 1501, Colonia Doctores, 06700, Alcaldia Cuauhtemoc, Mexico
Avenida Insurgentes Norte, 109, Colonia Lindavista, 07700, Alcaldia Gustavo A. Madero, Mexico
Calle Jose Marti, 684, Colonia Centro, 06000, Alcaldia Cuauhtemoc, Mexico
Avenida Paseo de la Reforma, 722, Colonia Polanco, 11560, Alcaldia Miguel Hidalgo, Mexico
Calle Las Americas, 631, Colonia Benito Juarez, 03910, Alcaldia Benito Juarez, Mexico
Calle Rio Amazonas, 104, Colonia Condesa, 06140, Alcaldia Cuauhtemoc, Mexico
Avenida Coyoacan, 1054, Colonia Coyoacan, 04000, Alcaldia Coyoacan, Mexico
Calle Venustiano Carranza, 501, Colonia Guerrero, 06300, Alcaldia Cuauhtemoc, Mexico
Avenida de los Insurgentes Norte, 215, Colonia Lindavista, 07700, Alcaldia Gustavo A. Madero, Mexico
Calle Olivos, 823, Colonia Polanco, 11560, Alcaldia Miguel Hidalgo, Mexico
Calle Tacubaya, 518, Colonia Tacubaya, 11870, Alcaldia Miguel Hidalgo, Mexico
Avenida Chapultepec, 650, Colonia Juarez, 06600, Alcaldia Cuauhtemoc, Mexico
Calle Cerrada de Tacubaya, 320, Colonia Tacubaya, 11870, Alcaldia Miguel Hidalgo, Mexico
Avenida Santa Fe, 1141, Colonia Santa Fe, 01210, Alcaldia Alvaro Obregon, Mexico
Calle General Prim, 302, Colonia Juarez, 06600, Alcaldia Cuauhtemoc, Mexico
Avenida Insurgentes Sur, 215, Colonia Napoles, 03810, Alcaldia Benito Juarez, Mexico
Calle Heroes, 150, Colonia Polanco, 11560, Alcaldia Miguel Hidalgo, Mexico
Avenida Hidalgo, 672, Colonia Guerrero, 06300, Alcaldia Cuauhtemoc, Mexico
Calle Balderas, 147, Colonia Roma Norte, 06700, Alcaldia Cuauhtemoc, Mexico
Avenida Jose Maria Rico, 758, Colonia Del Valle, 03100, Alcaldia Benito Juarez, Mexico
Calle de la Union, 843, Colonia Centro, 06000, Alcaldia Cuauhtemoc, Mexico
Calle Nicolas de los Olivos, 307, Colonia Roma Norte, 06700, Alcaldia Cuauhtemoc, Mexico
Avenida Revolucion, 159, Colonia Tacubaya, 11870, Alcaldia Miguel Hidalgo, Mexico
Calle Popocatepetl, 102, Colonia Del Valle, 03100, Alcaldia Benito Juarez, Mexico
Calle Boulevard Miguel de Cervantes, 515, Colonia Insurgentes Mixcoac, 03920, Alcaldia Benito Juarez, Mexico
Avenida Coyoacan, 1286, Colonia Coyoacan, 04000, Alcaldia Coyoacan, Mexico
Calle Valle de Mexico, 190, Colonia Tlalpan, 14000, Alcaldia Tlalpan, Mexico
Avenida Paseo de la Reforma, 2548, Colonia Lomas de Chapultepec, 11000, Alcaldia Miguel Hidalgo, Mexico
Calle de las Huertas, 419, Colonia Polanco, 11560, Alcaldia Miguel Hidalgo, Mexico
Avenida Insurgentes Norte, 305, Colonia Lindavista, 07700, Alcaldia Gustavo A. Madero, Mexico
Calle General Anaya, 215, Colonia Mexicaltzingo, 09060, Alcaldia Coyoacan, Mexico
Calle del Angel, 470, Colonia Coyoacan, 04000, Alcaldia Coyoacan, Mexico
Avenida Paseo de la Reforma, 1901, Colonia Lomas de Chapultepec, 11000, Alcaldia Miguel Hidalgo, Mexico
Calle Republica de El Salvador, 652, Colonia Centro, 06000, Alcaldia Cuauhtemoc, Mexico
Calle Jose Maria Rico, 832, Colonia Del Valle, 03100, Alcaldia Benito Juarez, Mexico
Avenida Rio Mixcoac, 720, Colonia Mixcoac, 03910, Alcaldia Benito Juarez, Mexico
Calle Reforma Social, 1203, Colonia Reforma, 06500, Alcaldia Cuauhtemoc, Mexico
Avenida Benito Juarez, 480, Colonia Industrial Vallejo, 02300, Alcaldia Gustavo A. Madero, Mexico
Calle Montevideo, 501, Colonia Napoles, 03810, Alcaldia Benito Juarez, Mexico
Avenida de los Insurgentes Sur, 945, Colonia Napoles, 03810, Alcaldia Benito Juarez, Mexico
Calle Tacubaya, 616, Colonia Tacubaya, 11870, Alcaldia Miguel Hidalgo, Mexico
Avenida 16 de Septiembre, 342, Colonia Guerrero, 06300, Alcaldia Cuauhtemoc, Mexico
Calle de la Paz, 760, Colonia San Angel, 01000, Alcaldia Alvaro Obregon, Mexico
Avenida Insurgentes Norte, 604, Colonia Lindavista, 07700, Alcaldia Gustavo A. Madero, Mexico
Calle Amazonas, 318, Colonia Polanco, 11560, Alcaldia Miguel Hidalgo, Mexico
Calle Zapata, 401, Colonia Coyoacan, 04000, Alcaldia Coyoacan, Mexico
Avenida Chapultepec, 720, Colonia Juarez, 06600, Alcaldia Cuauhtemoc, Mexico
Calle Avila Camacho, 923, Colonia Polanco, 11560, Alcaldia Miguel Hidalgo, Mexico
Avenida de la Reforma, 882, Colonia Roma Sur, 06760, Alcaldia Cuauhtemoc, Mexico
Calle Donceles, 116, Colonia Centro, 06000, Alcaldia Cuauhtemoc, Mexico
Avenida Hidalgo, 482, Colonia Guerrero, 06300, Alcaldia Cuauhtemoc, Mexico
Calle Campeche, 743, Colonia Condesa, 06140, Alcaldia Cuauhtemoc, Mexico
Avenida Revolucion, 163, Colonia Tacubaya, 11870, Alcaldia Miguel Hidalgo, Mexico
Calle de la Loma, 405, Colonia Lomas de Chapultepec, 11000, Alcaldia Miguel Hidalgo, Mexico
Avenida Juarez, 1123, Colonia Centro, 06000, Alcaldia Cuauhtemoc, Mexico
Calle Bosques de las Lomas, 610, Colonia Bosques de las Lomas, 05120, Alcaldia Cuajimalpa, Mexico
Calle Serpiente, 320, Colonia Doctores, 06700, Alcaldia Cuauhtemoc, Mexico
Avenida Santa Fe, 879, Colonia Santa Fe, 01210, Alcaldia Alvaro Obregon, Mexico
Calle Rio Balsas, 420, Colonia Coyoacan, 04000, Alcaldia Coyoacan, Mexico
Avenida Eje Central, 742, Colonia Roma Sur, 06760, Alcaldia Cuauhtemoc, Mexico
Calle Bucarelli, 178, Colonia Guerrero, 06300, Alcaldia Cuauhtemoc, Mexico
Calle Nicolas de la Mora, 102, Colonia Roma Norte, 06700, Alcaldia Cuauhtemoc, Mexico
Avenida de la Paz, 651, Colonia Polanco, 11560, Alcaldia Miguel Hidalgo, Mexico
Calle Federico Gamboa, 823, Colonia Doctores, 06700, Alcaldia Cuauhtemoc, Mexico
Avenida Vallejo, 193, Colonia Vallejo, 02300, Alcaldia Gustavo A. Madero, Mexico
Calle Melchor Muzquiz, 113, Colonia San Miguel, 07910, Alcaldia Azcapotzalco, Mexico
Avenida Revolucion, 723, Colonia Tacubaya, 11870, Alcaldia Miguel Hidalgo, Mexico
Calle Durango, 474, Colonia Roma Sur, 06760, Alcaldia Cuauhtemoc, Mexico
Calle Maximiliano, 654, Colonia Tacubaya, 11870, Alcaldia Miguel Hidalgo, Mexico
Calle Zempoala, 141, Colonia Condesa, 06140, Alcaldia Cuauhtemoc, Mexico
Avenida Insurgentes Norte, 231, Colonia Lindavista, 07700, Alcaldia Gustavo A. Madero, Mexico
Calle Iztacalco, 711, Colonia Iztacalco, 09030, Alcaldia Iztacalco, Mexico
Avenida Paseo de la Reforma, 2850, Colonia Lomas de Chapultepec, 11000, Alcaldia Miguel Hidalgo, Mexico
Calle Coyoacan, 538, Colonia Coyoacan, 04000, Alcaldia Coyoacan, Mexico
Calle San Francisco, 120, Colonia Guerrero, 06300, Alcaldia Cuauhtemoc, Mexico
Avenida Tlalpan, 871, Colonia Del Valle, 03100, Alcaldia Benito Juarez, Mexico
Calle Xochicalco, 305, Colonia Tlalpan, 14000, Alcaldia Tlalpan, Mexico
Avenida Polanco, 763, Colonia Polanco, 11560, Alcaldia Miguel Hidalgo, Mexico
Calle Hidalgo, 1278, Colonia Roma Norte, 06700, Alcaldia Cuauhtemoc, Mexico
Avenida Santa Fe, 1425, Colonia Santa Fe, 01210, Alcaldia Alvaro Obregon, Mexico
Calle Trenton, 682, Colonia Del Valle, 03100, Alcaldia Benito Juarez, Mexico
Avenida de los Insurgentes Sur, 730, Colonia Napoles, 03810, Alcaldia Benito Juarez, Mexico
Calle de la Luz, 112, Colonia Santa Maria la Ribera, 06400, Alcaldia Cuauhtemoc, Mexico
Avenida San Antonio, 135, Colonia Santa Fe, 01210, Alcaldia Alvaro Obregon, Mexico
Calle Rio Tiber, 431, Colonia Cuauhtemoc, 06500, Alcaldia Cuauhtemoc, Mexico
Calle de los Trabajadores, 604, Colonia Tacubaya, 11870, Alcaldia Miguel Hidalgo, Mexico
Avenida Eje Central, 2205, Colonia Doctores, 06700, Alcaldia Cuauhtemoc, Mexico
Calle del Carmen, 514, Colonia Coyoacan, 04000, Alcaldia Coyoacan, Mexico
Calle Boulevard Adolfo Lopez Mateos, 308, Colonia Cuajimalpa, 05300, Alcaldia Cuajimalpa, Mexico
Calle San Pedro de los Pinos, 513, Colonia San Pedro de los Pinos, 01700, Alcaldia Alvaro Obregon, Mexico
Avenida Insurgentes Sur, 265, Colonia Napoles, 03810, Alcaldia Benito Juarez, Mexico
Calle Lazaro Cardenas, 150, Colonia Tacubaya, 11870, Alcaldia Miguel Hidalgo, Mexico
Avenida Paseo de la Reforma, 1203, Colonia Lomas de Chapultepec, 11000, Alcaldia Miguel Hidalgo, Mexico
Calle Boulevard de la Reforma, 872, Colonia Juarez, 06600, Alcaldia Cuauhtemoc, Mexico
Calle San Antonio, 762, Colonia Lomas de Chapultepec, 11000, Alcaldia Miguel Hidalgo, Mexico
Calle Puebla, 460, Colonia Condesa, 06140, Alcaldia Cuauhtemoc, Mexico
Calle del Mar, 320, Colonia Del Valle, 03100, Alcaldia Benito Juarez, Mexico
Avenida Universidad, 1389, Colonia Coyoacan, 04000, Alcaldia Coyoacan, Mexico
Calle Francisco I. Madero, 1023, Colonia Centro, 06000, Alcaldia Cuauhtemoc, Mexico
Calle Calzada de Tlalpan, 650, Colonia Napoles, 03810, Alcaldia Benito Juarez, Mexico
Avenida Chapultepec, 465, Colonia Juarez, 06600, Alcaldia Cuauhtemoc, Mexico
Calle de las Flores, 743, Colonia Polanco, 11560, Alcaldia Miguel Hidalgo, Mexico
Calle Miguel Angel de Quevedo, 522, Colonia Coyoacan, 04000, Alcaldia Coyoacan, Mexico
Avenida 5 de Febrero, 990, Colonia Lomas de Chapultepec, 11000, Alcaldia Miguel Hidalgo, Mexico
Calle Tlalpan, 864, Colonia Del Valle, 03100, Alcaldia Benito Juarez, Mexico
Calle Paseo de la Reforma, 1122, Colonia Lomas de Chapultepec, 11000, Alcaldia Miguel Hidalgo, Mexico
Calle Gabriel Mancera, 803, Colonia Del Valle, 03100, Alcaldia Benito Juarez, Mexico
Calle Monterrey, 574, Colonia Roma Norte, 06700, Alcaldia Cuauhtemoc, Mexico
Avenida de la Reforma, 2023, Colonia Polanco, 11560, Alcaldia Miguel Hidalgo, Mexico
Calle Rio Lerma, 307, Colonia Cuauhtemoc, 06500, Alcaldia Cuauhtemoc, Mexico
Avenida Insurgentes Norte, 217, Colonia Lindavista, 07700, Alcaldia Gustavo A. Madero, Mexico
Calle Faja de Oro, 108, Colonia Tacubaya, 11870, Alcaldia Miguel Hidalgo, Mexico
Avenida Paseo de la Reforma, 1245, Colonia Lomas de Chapultepec, 11000, Alcaldia Miguel Hidalgo, Mexico
Calle Madrid, 642, Colonia Juarez, 06600, Alcaldia Cuauhtemoc, Mexico
Avenida Polanco, 833, Colonia Polanco, 11560, Alcaldia Miguel Hidalgo, Mexico
Calle Libertad, 307, Colonia San Angel, 01000, Alcaldia Alvaro Obregon, Mexico
Calle Cuitlahuac, 295, Colonia La Viga, 09020, Alcaldia Iztacalco, Mexico
Avenida Insurgentes Norte, 889, Colonia Lindavista, 07700, Alcaldia Gustavo A. Madero, Mexico
Calle Tamaulipas, 459, Colonia Condesa, 06140, Alcaldia Cuauhtemoc, Mexico
Avenida Tlalpan, 1345, Colonia Del Valle, 03100, Alcaldia Benito Juarez, Mexico
Calle Madero, 108, Colonia Centro, 06000, Alcaldia Cuauhtemoc, Mexico
Calle Veracruz, 312, Colonia Condesa, 06140, Alcaldia Cuauhtemoc, Mexico
Avenida Paseo de la Reforma, 258, Colonia Lomas de Chapultepec, 11000, Alcaldia Miguel Hidalgo, Mexico
Calle La Paz, 120, Colonia Roma Sur, 06760, Alcaldia Cuauhtemoc, Mexico
Avenida Division del Norte, 703, Colonia Napoles, 03810, Alcaldia Benito Juarez, Mexico
Calle Venustiano Carranza, 542, Colonia Guerrero, 06300, Alcaldia Cuauhtemoc, Mexico
Avenida Coyoacan, 784, Colonia Coyoacan, 04000, Alcaldia Coyoacan, Mexico
Calle San Rafael, 245, Colonia San Rafael, 06470, Alcaldia Cuauhtemoc, Mexico
Calle Nicolas de los Olivos, 587, Colonia Lindavista, 07700, Alcaldia Gustavo A. Madero, Mexico
Calle Puerto Rico, 516, Colonia Condesa, 06140, Alcaldia Cuauhtemoc, Mexico
Calle de la Luz, 215, Colonia Santa Maria la Ribera, 06400, Alcaldia Cuauhtemoc, Mexico
Avenida Paseo de la Reforma, 2630, Colonia Lomas de Chapultepec, 11000, Alcaldia Miguel Hidalgo, Mexico
Calle Juarez, 915, Colonia Centro, 06000, Alcaldia Cuauhtemoc, Mexico
Calle La Viga, 328, Colonia Iztacalco, 09020, Alcaldia Iztacalco, Mexico
Calle Monte de Piedad, 703, Colonia Centro, 06000, Alcaldia Cuauhtemoc, Mexico
Avenida Insurgentes Sur, 643, Colonia Napoles, 03810, Alcaldia Benito Juarez, Mexico
Calle Ciriaco Vazquez, 315, Colonia San Angel, 01000, Alcaldia Alvaro Obregon, Mexico
Calle Obregon, 1256, Colonia Roma Norte, 06700, Alcaldia Cuauhtemoc, Mexico
Avenida Revolucion, 823, Colonia Tacubaya, 11870, Alcaldia Miguel Hidalgo, Mexico
Calle Arenal, 290, Colonia Doctores, 06700, Alcaldia Cuauhtemoc, Mexico
Avenida Coyoacan, 1204, Colonia Coyoacan, 04000, Alcaldia Coyoacan, Mexico
Calle de los Pescadores, 451, Colonia Polanco, 11560, Alcaldia Miguel Hidalgo, Mexico
Calle Francisco Villa, 870, Colonia Del Valle, 03100, Alcaldia Benito Juarez, Mexico
Avenida de los Insurgentes Norte, 345, Colonia Lindavista, 07700, Alcaldia Gustavo A. Madero, Mexico
Calle Rio Guadalquivir, 135, Colonia Cuauhtemoc, 06500, Alcaldia Cuauhtemoc, Mexico
Calle Gustavo Baz, 1150, Colonia Lindavista, 07700, Alcaldia Gustavo A. Madero, Mexico
Avenida Revolucion, 689, Colonia Tacubaya, 11870, Alcaldia Miguel Hidalgo, Mexico
Calle San Antonio, 432, Colonia Napoles, 03810, Alcaldia Benito Juarez, Mexico
Calle Xochimilco, 652, Colonia San Angel, 01000, Alcaldia Alvaro Obregon, Mexico
Avenida Miguel Angel de Quevedo, 503, Colonia Coyoacan, 04000, Alcaldia Coyoacan, Mexico
Calle Villa de las Flores, 742, Colonia Tlalpan, 14000, Alcaldia Tlalpan, Mexico
Calle Tacuba, 178, Colonia Centro, 06000, Alcaldia Cuauhtemoc, Mexico
Avenida de la Reforma, 987, Colonia Lomas de Chapultepec, 11000, Alcaldia Miguel Hidalgo, Mexico
Calle Lago de Xochimilco, 502, Colonia Insurgentes Mixcoac, 03920, Alcaldia Benito Juarez, Mexico
Calle Doctor Barragan, 512, Colonia Del Valle, 03100, Alcaldia Benito Juarez, Mexico
Calle Venustiano Carranza, 742, Colonia Guerrero, 06300, Alcaldia Cuauhtemoc, Mexico
Avenida Rio San Joaquin, 341, Colonia Santa Fe, 01210, Alcaldia Alvaro Obregon, Mexico
Calle Felipe Angeles, 540, Colonia Tacubaya, 11870, Alcaldia Miguel Hidalgo, Mexico
Calle Vallejo, 861, Colonia Vallejo, 02300, Alcaldia Gustavo A. Madero, Mexico
Calle San Simon, 618, Colonia Santa Maria la Ribera, 06400, Alcaldia Cuauhtemoc, Mexico
Calle de la Piedad, 201, Colonia Doctores, 06700, Alcaldia Cuauhtemoc, Mexico
Avenida Insurgentes Sur, 1100, Colonia Napoles, 03810, Alcaldia Benito Juarez, Mexico
Calle Ecuador, 730, Colonia Guerrero, 06300, Alcaldia Cuauhtemoc, Mexico
Avenida Paseo de la Reforma, 956, Colonia Polanco, 11560, Alcaldia Miguel Hidalgo, Mexico
Calle Cuitlahuac, 156, Colonia Plutarco Elias Calles, 07630, Alcaldia Gustavo A. Madero, Mexico
Calle San Francisco, 612, Colonia San Angel, 01000, Alcaldia Alvaro Obregon, Mexico
Avenida Revolucion, 642, Colonia Tacubaya, 11870, Alcaldia Miguel Hidalgo, Mexico
Calle Oaxaca, 904, Colonia Condesa, 06140, Alcaldia Cuauhtemoc, Mexico
Avenida Insurgentes Norte, 204, Colonia Lindavista, 07700, Alcaldia Gustavo A. Madero, Mexico
Calle Copilco, 725, Colonia Copilco, 04500, Alcaldia Coyoacan, Mexico
Avenida Tlalpan, 763, Colonia Del Valle, 03100, Alcaldia Benito Juarez, Mexico
Calle Rio Balsas, 678, Colonia Coyoacan, 04000, Alcaldia Coyoacan, Mexico
Avenida de los Insurgentes, 2031, Colonia Roma Sur, 06760, Alcaldia Cuauhtemoc, Mexico
Calle Alvaro Obregon, 358, Colonia Roma Norte, 06700, Alcaldia Cuauhtemoc, Mexico
Avenida de la Reforma, 3511, Colonia Polanco, 11560, Alcaldia Miguel Hidalgo, Mexico
Calle Tamaulipas, 131, Colonia Condesa, 06140, Alcaldia Cuauhtemoc, Mexico
Avenida Revolucion, 938, Colonia Tacubaya, 11870, Alcaldia Miguel Hidalgo, Mexico
Calle Vallejo, 168, Colonia Vallejo, 02300, Alcaldia Gustavo A. Madero, Mexico
Calle Buenavista, 309, Colonia Guerrero, 06300, Alcaldia Cuauhtemoc, Mexico
Calle Rio de la Loza, 127, Colonia Doctores, 06700, Alcaldia Cuauhtemoc, Mexico
Avenida Insurgentes Norte, 778, Colonia Lindavista, 07700, Alcaldia Gustavo A. Madero, Mexico
Calle Camelia, 301, Colonia San Angel, 01000, Alcaldia Alvaro Obregon, Mexico
Calle Emiliano Zapata, 496, Colonia Coyoacan, 04000, Alcaldia Coyoacan, Mexico
Avenida Rio de la Plata, 215, Colonia Napoles, 03810, Alcaldia Benito Juarez, Mexico
Calle del Carmen, 328, Colonia Coyoacan, 04000, Alcaldia Coyoacan, Mexico
Avenida Chapultepec, 1567, Colonia Roma Norte, 06700, Alcaldia Cuauhtemoc, Mexico
Calle del Comercio, 804, Colonia Centro, 06000, Alcaldia Cuauhtemoc, Mexico
Calle Baja California, 492, Colonia Roma Sur, 06760, Alcaldia Cuauhtemoc, Mexico
Avenida 5 de Febrero, 621, Colonia Del Valle, 03100, Alcaldia Benito Juarez, Mexico
Calle Toltecas, 720, Colonia La Viga, 09020, Alcaldia Iztacalco, Mexico
Avenida San Antonio, 340, Colonia Santa Fe, 01210, Alcaldia Alvaro Obregon, Mexico
Calle de la Reforma, 560, Colonia Reforma, 06500, Alcaldia Cuauhtemoc, Mexico
Avenida Insurgentes Sur, 245, Colonia Napoles, 03810, Alcaldia Benito Juarez, Mexico
Calle General Anaya, 225, Colonia Mexicaltzingo, 09060, Alcaldia Coyoacan, Mexico
Calle Vasco de Quiroga, 340, Colonia Santa Fe, 01210, Alcaldia Alvaro Obregon, Mexico
Avenida Hidalgo, 350, Colonia Guerrero, 06300, Alcaldia Cuauhtemoc, Mexico
Calle Francisco Villa, 883, Colonia Del Valle, 03100, Alcaldia Benito Juarez, Mexico
Avenida Polanco, 632, Colonia Polanco, 11560, Alcaldia Miguel Hidalgo, Mexico
Calle Juarez, 127, Colonia Roma Norte, 06700, Alcaldia Cuauhtemoc, Mexico
Calle de las Lomas, 233, Colonia Lomas de Chapultepec, 11000, Alcaldia Miguel Hidalgo, Mexico
Avenida Santa Fe, 1506, Colonia Santa Fe, 01210, Alcaldia Alvaro Obregon, Mexico
Calle Mar Mediterraneo, 822, Colonia Polanco, 11560, Alcaldia Miguel Hidalgo, Mexico
Avenida Chapultepec, 906, Colonia Roma Sur, 06760, Alcaldia Cuauhtemoc, Mexico
Calle Las Americas, 302, Colonia Benito Juarez, 03910, Alcaldia Benito Juarez, Mexico
Calle Enrique Gonzalez Martinez, 511, Colonia Condesa, 06140, Alcaldia Cuauhtemoc, Mexico
Avenida 5 de Febrero, 531, Colonia Lomas de Chapultepec, 11000, Alcaldia Miguel Hidalgo, Mexico
Calle Tlaxcala, 804, Colonia Condesa, 06140, Alcaldia Cuauhtemoc, Mexico
Avenida Miguel Angel de Quevedo, 608, Colonia Coyoacan, 04000, Alcaldia Coyoacan, Mexico
Calle Juan Escutia, 347, Colonia San Rafael, 06470, Alcaldia Cuauhtemoc, Mexico
Avenida de los Insurgentes, 2322, Colonia Roma Sur, 06760, Alcaldia Cuauhtemoc, Mexico
Calle Donceles, 743, Colonia Centro, 06000, Alcaldia Cuauhtemoc, Mexico
Calle Monterrey, 175, Colonia Roma Norte, 06700, Alcaldia Cuauhtemoc, Mexico
Avenida de la Reforma, 1611, Colonia Polanco, 11560, Alcaldia Miguel Hidalgo, Mexico
Calle Laguna, 612, Colonia San Angel, 01000, Alcaldia Alvaro Obregon, Mexico
Calle Diaz Miron, 721, Colonia Tacubaya, 11870, Alcaldia Miguel Hidalgo, Mexico
Avenida Insurgentes Sur, 1082, Colonia Napoles, 03810, Alcaldia Benito Juarez, Mexico
Calle Reforma, 1148, Colonia Polanco, 11560, Alcaldia Miguel Hidalgo, Mexico
Calle Constitucion, 425, Colonia Roma Norte, 06700, Alcaldia Cuauhtemoc, Mexico
Avenida Universitaria, 940, Colonia Coyoacan, 04000, Alcaldia Coyoacan, Mexico
Calle Rio Consulado, 523, Colonia Gustavo A. Madero, 07010, Alcaldia Gustavo A. Madero, Mexico
Avenida Tlalpan, 2060, Colonia Del Valle, 03100, Alcaldia Benito Juarez, Mexico
Calle Mexicaltzingo, 521, Colonia Coyoacan, 04000, Alcaldia Coyoacan, Mexico
Avenida Lazaro Cardenas, 789, Colonia Roma Sur, 06760, Alcaldia Cuauhtemoc, Mexico
Calle Avenida de la Paz, 124, Colonia Polanco, 11560, Alcaldia Miguel Hidalgo, Mexico
Calle Tepic, 804, Colonia Santa Maria la Ribera, 06400, Alcaldia Cuauhtemoc, Mexico
Avenida Miguel Hidalgo, 442, Colonia Polanco, 11560, Alcaldia Miguel Hidalgo, Mexico
Calle Anahuac, 632, Colonia Condesa, 06140, Alcaldia Cuauhtemoc, Mexico
Avenida Vallejo, 125, Colonia Vallejo, 02300, Alcaldia Gustavo A. Madero, Mexico
Calle Sor Juana Ines de la Cruz, 224, Colonia Centro, 06000, Alcaldia Cuauhtemoc, Mexico
Avenida Oaxaca, 503, Colonia Condesa, 06140, Alcaldia Cuauhtemoc, Mexico
Calle General Francisco Villa, 211, Colonia La Viga, 09020, Alcaldia Iztacalco, Mexico
Avenida Insurgentes Norte, 189, Colonia Lindavista, 07700, Alcaldia Gustavo A. Madero, Mexico
Calle Dr. Marquez, 515, Colonia Del Valle, 03100, Alcaldia Benito Juarez, Mexico
Avenida 5 de Febrero, 1298, Colonia San Angel, 01000, Alcaldia Alvaro Obregon, Mexico
Calle Lazaro Cardenas, 888, Colonia Polanco, 11560, Alcaldia Miguel Hidalgo, Mexico
Calle Sonora, 412, Colonia Condesa, 06140, Alcaldia Cuauhtemoc, Mexico
Avenida Paseo de la Reforma, 1125, Colonia Lomas de Chapultepec, 11000, Alcaldia Miguel Hidalgo, Mexico
Calle San Juan de Letran, 736, Colonia Centro, 06000, Alcaldia Cuauhtemoc, Mexico
Avenida Insurgentes Sur, 784, Colonia Napoles, 03810, Alcaldia Benito Juarez, Mexico
Calle Cerro de las Torres, 515, Colonia Tlalpan, 14000, Alcaldia Tlalpan, Mexico
Calle de las Flores, 240, Colonia Polanco, 11560, Alcaldia Miguel Hidalgo, Mexico
Avenida Rio San Joaquin, 301, Colonia Santa Fe, 01210, Alcaldia Alvaro Obregon, Mexico
Calle Francisco I. Madero, 624, Colonia Roma Norte, 06700, Alcaldia Cuauhtemoc, Mexico
Calle Del Paseo, 531, Colonia Tlalpan, 14000, Alcaldia Tlalpan, Mexico
Avenida Coyoacan, 1552, Colonia Coyoacan, 04000, Alcaldia Coyoacan, Mexico
Calle Avenida Mexico, 256, Colonia San Pedro de los Pinos, 01700, Alcaldia Alvaro Obregon, Mexico
Avenida Polanco, 1207, Colonia Polanco, 11560, Alcaldia Miguel Hidalgo, Mexico
Calle Moliere, 302, Colonia Polanco, 11560, Alcaldia Miguel Hidalgo, Mexico
Calle Morelia, 732, Colonia Tacubaya, 11870, Alcaldia Miguel Hidalgo, Mexico
Avenida Division del Norte, 980, Colonia Del Valle, 03100, Alcaldia Benito Juarez, Mexico
Calle La Rosa, 517, Colonia Lomas de Chapultepec, 11000, Alcaldia Miguel Hidalgo, Mexico
Avenida Oaxaca, 410, Colonia Condesa, 06140, Alcaldia Cuauhtemoc, Mexico
Calle Rio Amazonas, 502, Colonia Cuauhtemoc, 06500, Alcaldia Cuauhtemoc, Mexico
Calle Popocatepetl, 523, Colonia Del Valle, 03100, Alcaldia Benito Juarez, Mexico
Avenida Universidad, 510, Colonia Coyoacan, 04000, Alcaldia Coyoacan, Mexico
Calle Rio Balsas, 302, Colonia Tlalpan, 14000, Alcaldia Tlalpan, Mexico
Avenida 5 de Febrero, 975, Colonia Roma Sur, 06760, Alcaldia Cuauhtemoc, Mexico
Calle Pino Suarez, 411, Colonia Condesa, 06140, Alcaldia Cuauhtemoc, Mexico
Avenida Chapultepec, 480, Colonia Roma Norte, 06700, Alcaldia Cuauhtemoc, Mexico
Calle Amsterdam, 613, Colonia Condesa, 06140, Alcaldia Cuauhtemoc, Mexico
Avenida Rio de la Loza, 131, Colonia Doctores, 06700, Alcaldia Cuauhtemoc, Mexico
Calle Donceles, 284, Colonia Centro, 06000, Alcaldia Cuauhtemoc, Mexico
Avenida Insurgentes Norte, 456, Colonia Lindavista, 07700, Alcaldia Gustavo A. Madero, Mexico
Calle de la Paz, 143, Colonia Polanco, 11560, Alcaldia Miguel Hidalgo, Mexico
Avenida Insurgentes, 1830, Colonia Roma Sur, 06760, Alcaldia Cuauhtemoc, Mexico
Calle Ribera de San Cosme, 378, Colonia San Cosme, 01000, Alcaldia Cuauhtemoc, Mexico
Calle Rio Panuco, 425, Colonia Cuauhtemoc, 06500, Alcaldia Cuauhtemoc, Mexico
Calle Miguel Angel de Quevedo, 822, Colonia Coyoacan, 04000, Alcaldia Coyoacan, Mexico
Calle Villa de la Paz, 517, Colonia San Angel, 01000, Alcaldia Alvaro Obregon, Mexico
Calle La Loma, 302, Colonia San Angel, 01000, Alcaldia Alvaro Obregon, Mexico
Calle Guerrero, 152, Colonia Guerrero, 06300, Alcaldia Cuauhtemoc, Mexico
Avenida Universidad, 810, Colonia Coyoacan, 04000, Alcaldia Coyoacan, Mexico
Calle Enrique Gonzalez Martinez, 412, Colonia Condesa, 06140, Alcaldia Cuauhtemoc, Mexico
Avenida Luis Donaldo Colosio, 1007, Colonia Santa Fe, 01210, Alcaldia Alvaro Obregon, Mexico
Calle Paseo de la Reforma, 712, Colonia Polanco, 11560, Alcaldia Miguel Hidalgo, Mexico
Calle Lazaro Cardenas, 833, Colonia Polanco, 11560, Alcaldia Miguel Hidalgo, Mexico
Avenida Rio San Joaquin, 429, Colonia Santa Fe, 01210, Alcaldia Alvaro Obregon, Mexico
Calle Vallejo, 902, Colonia Vallejo, 02300, Alcaldia Gustavo A. Madero, Mexico
Calle Libertad, 533, Colonia Polanco, 11560, Alcaldia Miguel Hidalgo, Mexico
Calle Oaxaca, 256, Colonia Condesa, 06140, Alcaldia Cuauhtemoc, Mexico
Calle de la Esperanza, 372, Colonia Del Valle, 03100, Alcaldia Benito Juarez, Mexico
Calle Benito Juarez, 724, Colonia Tacubaya, 11870, Alcaldia Miguel Hidalgo, Mexico
Calle Paseo de la Reforma, 156, Colonia Lomas de Chapultepec, 11000, Alcaldia Miguel Hidalgo, Mexico
Avenida Insurgentes Norte, 1289, Colonia Lindavista, 07700, Alcaldia Gustavo A. Madero, Mexico
Calle Melchor Muzquiz, 903, Colonia Tacubaya, 11870, Alcaldia Miguel Hidalgo, Mexico
Avenida Chapultepec, 352, Colonia Roma Norte, 06700, Alcaldia Cuauhtemoc, Mexico
Calle Rio Churubusco, 498, Colonia Del Valle, 03100, Alcaldia Benito Juarez, Mexico
Calle de la Reforma, 1034, Colonia Polanco, 11560, Alcaldia Miguel Hidalgo, Mexico
Calle Jose Maria Izazaga, 563, Colonia Centro, 06000, Alcaldia Cuauhtemoc, Mexico
Calle 5 de Febrero, 723, Colonia San Angel, 01000, Alcaldia Alvaro Obregon, Mexico
Avenida Revolucion, 1630, Colonia Tacubaya, 11870, Alcaldia Miguel Hidalgo, Mexico
Calle de la Loma, 732, Colonia Condesa, 06140, Alcaldia Cuauhtemoc, Mexico
Avenida Division del Norte, 1205, Colonia Del Valle, 03100, Alcaldia Benito Juarez, Mexico
Calle Zapata, 311, Colonia Coyoacan, 04000, Alcaldia Coyoacan, Mexico
Avenida Santa Fe, 1324, Colonia Santa Fe, 01210, Alcaldia Alvaro Obregon, Mexico
Calle Emiliano Zapata, 564, Colonia Del Valle, 03100, Alcaldia Benito Juarez, Mexico
Avenida Insurgentes Sur, 893, Colonia Napoles, 03810, Alcaldia Benito Juarez, Mexico
Calle Pedro Moreno, 175, Colonia Guerrero, 06300, Alcaldia Cuauhtemoc, Mexico
Calle Tacubaya, 101, Colonia Tacubaya, 11870, Alcaldia Miguel Hidalgo, Mexico
Calle Jose Maria Pino Suarez, 542, Colonia Del Valle, 03100, Alcaldia Benito Juarez, Mexico
Calle Colima, 509, Colonia Roma Sur, 06760, Alcaldia Cuauhtemoc, Mexico
Avenida de la Reforma, 2960, Colonia Polanco, 11560, Alcaldia Miguel Hidalgo, Mexico
Calle Tezontle, 620, Colonia Santa Maria la Ribera, 06400, Alcaldia Cuauhtemoc, Mexico
Calle Vallejo, 211, Colonia Vallejo, 02300, Alcaldia Gustavo A. Madero, Mexico
Avenida Miguel Angel de Quevedo, 721, Colonia Coyoacan, 04000, Alcaldia Coyoacan, Mexico
Calle Salamanca, 144, Colonia San Angel, 01000, Alcaldia Alvaro Obregon, Mexico
Avenida Tlalpan, 1553, Colonia Del Valle, 03100, Alcaldia Benito Juarez, Mexico
Calle Tacuba, 1092, Colonia Centro, 06000, Alcaldia Cuauhtemoc, Mexico
Calle Rio de la Loza, 732, Colonia Doctores, 06700, Alcaldia Cuauhtemoc, Mexico
Avenida Polanco, 1430, Colonia Polanco, 11560, Alcaldia Miguel Hidalgo, Mexico
Calle Mexico-Tenochtitlan, 531, Colonia Roma Norte, 06700, Alcaldia Cuauhtemoc, Mexico
Calle Republica de Brasil, 612, Colonia Centro, 06000, Alcaldia Cuauhtemoc, Mexico
Avenida Universidad, 1250, Colonia Coyoacan, 04000, Alcaldia Coyoacan, Mexico
Calle Emiliano Zapata, 430, Colonia Coyoacan, 04000, Alcaldia Coyoacan, Mexico
Calle Churubusco, 916, Colonia Del Valle, 03100, Alcaldia Benito Juarez, Mexico
 
				

